path,top_area,last_modified,signals,recommendation
docs/handover/BYS360_BAKIM_RUNBOOK.md,handover,2026-07-08,"scripts,tests,other-doc-link",KEEP
docs/handover/BYS360_CANLIYA_ALMA_REHBERI.md,handover,2026-07-08,"scripts,tests,other-doc-link",KEEP
docs/handover/BYS360_DEVIR_PAKETI_V1.md,handover,2026-07-08,"scripts,tests,other-doc-link",KEEP
docs/handover/BYS360_GUVENLIK_KVKK_NOTLARI.md,handover,2026-07-08,"scripts,tests,other-doc-link",KEEP
docs/handover/BYS360_KURULUM_REHBERI.md,handover,2026-07-08,"scripts,tests,other-doc-link",KEEP
docs/handover/BYS360_MODUL_ENVANTERI.md,handover,2026-07-08,"scripts,tests,other-doc-link",KEEP
docs/handover/BYS360_RISK_VE_SUREKLILIK_PLANI.md,handover,2026-07-08,"scripts,tests,other-doc-link",KEEP
docs/handover/README.md,handover,2026-07-08,"core-docs,scripts,tests,other-doc-link",KEEP
docs/quality/BYS360_UX1_TOP_BANNER_REMOVE_V1.md,quality,2026-07-08,tests,KEEP
docs/BYS360_AI_EVERYWHERE_V1_INCELEME_NOTU.md,(root),2026-07-08,other-doc-link,REVIEW
docs/BYS360_AI_EVERYWHERE_V1_README.md,(root),2026-07-08,other-doc-link,REVIEW
docs/BYS360_ANDROID_RESPONSIVE_COMPLETION_V2_README.md,(root),2026-07-08,other-doc-link,REVIEW
docs/BYS360_CIC_V3_0_AUTO_MAIL_WEEKDAY_ONLY_V1_NOTES.md,(root),2026-07-08,other-doc-link,REVIEW
docs/BYS360_CIC_V3_0_LIVE_FINAL_RELEASE_NOTES.md,(root),2026-07-08,other-doc-link,REVIEW
docs/BYS360_CIC_V3_0_LIVE_FINAL_RELEASE_RESUME_V2_NOTES.md,(root),2026-07-08,other-doc-link,REVIEW
docs/BYS360_CIC_V3_0_LIVE_FINAL_RELEASE_RESUME_V3_NOTES.md,(root),2026-07-08,other-doc-link,REVIEW
docs/BYS360_CIC_V3_0_LIVE_FINAL_RELEASE_RESUME_V4_NOTES.md,(root),2026-07-08,other-doc-link,REVIEW
docs/BYS360_CIC_V3_0_LIVE_FINAL_RELEASE_RESUME_V5_DIRECT_STABLE_NOTES.md,(root),2026-07-08,other-doc-link,REVIEW
docs/BYS360_CIC_V3_0_MAIL_ENGINE_SYSTEM_SENDER_V1.md,(root),2026-07-08,"scripts,other-doc-link",REVIEW
docs/BYS360_CIC_V3_0_MAIL_ENGINE_SYSTEM_SENDER_V1_1.md,(root),2026-07-08,"scripts,other-doc-link",REVIEW
docs/BYS360_CIC_V3_0_SYSTEM_AUTO_MAIL_SCHEDULER_V1_NOTES.md,(root),2026-07-08,other-doc-link,REVIEW
docs/BYS360_CIC_V4_0A_MENU_TAB_FIX_README.md,(root),2026-07-08,other-doc-link,REVIEW
docs/BYS360_CIC_V4_0_SMART_CELEBRATIONS_README.md,(root),2026-07-08,other-doc-link,REVIEW
docs/BYS360_CIC_V4_3_FULL_PRO_UI_SIDEBAR_ACTIVE_README.md,(root),2026-07-08,other-doc-link,REVIEW
docs/BYS360_CIC_V4_4A_SYSTEM_LINK_POLISH_README.md,(root),2026-07-08,other-doc-link,REVIEW
docs/BYS360_CIC_V4_4B_SYSTEM_PAGE_FINAL_POLISH_README.md,(root),2026-07-08,other-doc-link,REVIEW
docs/BYS360_CIC_V4_4_PERFORMANCE_STYLE_RESET_README.md,(root),2026-07-08,other-doc-link,REVIEW
docs/BYS360_CIC_V4_5A_CELEBRATION_EXCEL_IMPORT_LOCK_FIX_README.md,(root),2026-07-08,other-doc-link,REVIEW
docs/BYS360_CIC_V4_5_CELEBRATION_EXCEL_IMPORT_README.md,(root),2026-07-08,other-doc-link,REVIEW
docs/BYS360_CIC_V4_6A_JINJA_SLICE_FIX_README.md,(root),2026-07-08,other-doc-link,REVIEW
docs/BYS360_CIC_V4_6B_CELEBRATIONS_TEMPLATE_FINAL_FIX_README.md,(root),2026-07-08,other-doc-link,REVIEW
docs/BYS360_CIC_V4_6_CELEBRATIONS_STUDIO_PRO_UI_README.md,(root),2026-07-08,other-doc-link,REVIEW
docs/BYS360_CORPORATE_INFORMATION_CENTER_V3_0_PHASE3_DISPATCH_README.md,(root),2026-07-08,other-doc-link,REVIEW
docs/BYS360_CORPORATE_INFORMATION_CENTER_V3_0_PHASE5_1_GATE_FIX_README.md,(root),2026-07-08,other-doc-link,REVIEW
docs/BYS360_CORPORATE_INFORMATION_CENTER_V3_0_PHASE5_CONTROL_PANEL_README.md,(root),2026-07-08,other-doc-link,REVIEW
docs/BYS360_CORPORATE_INFORMATION_CENTER_V3_0_PHASE6_1_STAFF_NOON_MESSAGE.md,(root),2026-07-08,"scripts,other-doc-link",REVIEW
docs/BYS360_CORPORATE_INFORMATION_CENTER_V3_0_PHASE6_FINAL_UAT_LIVE_READY_README.md,(root),2026-07-08,other-doc-link,REVIEW
docs/BYS360_CORPORATE_INFORMATION_CENTER_V3_0_PHASE6_UAT_LIVE_READY_REPORT.md,(root),2026-07-08,other-doc-link,REVIEW
docs/BYS360_CORPORATE_INFORMATION_CENTER_V3_0_PHASE7_1_BASE_CSS_LINK_FIX.md,(root),2026-07-08,"scripts,other-doc-link",REVIEW
docs/BYS360_CORPORATE_INFORMATION_CENTER_V3_0_PHASE7_9_BASE_REAL_NEWLINES_FIX.md,(root),2026-07-08,other-doc-link,REVIEW
docs/BYS360_CORPORATE_INFORMATION_CENTER_V3_0_PHASE7_LIVE_RELEASE_CHECKLIST.md,(root),2026-07-08,"scripts,other-doc-link",REVIEW
docs/BYS360_CORPORATE_INFORMATION_CENTER_V3_0_PHASE7_ROLLBACK_PLAN.md,(root),2026-07-08,"scripts,other-doc-link",REVIEW
docs/BYS360_CORPORATE_INFORMATION_CENTER_V3_0_PHASE7_USAGE_GUIDE.md,(root),2026-07-08,"scripts,other-doc-link",REVIEW
docs/BYS360_ENCODING_QUALITY_FIX_V2_17_63_NOTES.md,(root),2026-07-08,other-doc-link,REVIEW
docs/BYS360_OPS_HARDENING_V1_COMMANDS.md,(root),2026-07-08,other-doc-link,REVIEW
docs/BYS360_OPS_HARDENING_V1_README.md,(root),2026-07-08,other-doc-link,REVIEW
docs/BYS360_OPS_HARDENING_V2_TRIAGE_README.md,(root),2026-07-08,other-doc-link,REVIEW
docs/api/openapi_draft.json,api,2026-07-08,"scripts,other-doc-link",REVIEW
docs/architecture/BYS360_MOBILE_ROUTES_COMM_ASSISTANT_SPLIT_P1D_REPORT.md,architecture,2026-07-08,scripts,REVIEW
docs/architecture/BYS360_MOBILE_ROUTES_DOMAIN_SPLIT_P1C_REPORT.md,architecture,2026-07-08,"scripts,other-doc-link",REVIEW
docs/architecture/BYS360_MOBILE_ROUTES_PERSONNEL_KPI_SPLIT_P1E_REPORT.md,architecture,2026-07-08,scripts,REVIEW
docs/architecture/BYS360_MOBILE_ROUTES_SHARED_SPLIT_P1B_REPORT.md,architecture,2026-07-08,"scripts,other-doc-link",REVIEW
docs/architecture/BYS360_ROUTE_ARCHITECTURE_INVENTORY_P1A.md,architecture,2026-07-08,"scripts,other-doc-link",REVIEW
docs/security/BYS360_SECRET_ROTATION_AND_HISTORY_CLEANUP_RUNBOOK.md,security,2026-07-08,scripts,REVIEW
reports/architecture/BYS360_ANDROID_RESPONSIVE_BASELINE_GATE_P5A_REPORT.json,architecture,2026-07-08,"scripts,other-doc-link",REVIEW
reports/architecture/BYS360_ANDROID_RESPONSIVE_CORE_STYLES_GATE_P5B_REPORT.json,architecture,2026-07-08,"scripts,other-doc-link",REVIEW
reports/architecture/BYS360_ANDROID_RESPONSIVE_HARDENING_P5B_REPORT.json,architecture,2026-07-08,scripts,REVIEW
reports/architecture/BYS360_PHASE2C1_WILDCARD_IMPORT_EXPLICIT_PLAN.json,architecture,2026-07-08,other-doc-link,REVIEW
reports/architecture/BYS360_PHASE2C1_WILDCARD_IMPORT_EXPLICIT_PLAN.md,architecture,2026-07-08,other-doc-link,REVIEW
reports/live_readiness/BYS360_A7D_LOCAL_SMOKE_TEST_CONTRACT.json,live_readiness,2026-07-08,scripts,REVIEW
reports/live_readiness/BYS360_A7D_LOCAL_SMOKE_TEST_CONTRACT.md,live_readiness,2026-07-08,scripts,REVIEW
reports/quality/BYS360_A10R_FINAL_TECH_DEBT_EVIDENCE.json,quality,2026-07-08,other-doc-link,REVIEW
reports/quality/BYS360_A10R_FINAL_TECH_DEBT_EVIDENCE.md,quality,2026-07-08,other-doc-link,REVIEW
reports/security/BYS360_10_10_RED_GATE_V1_REPORT.md,security,2026-07-08,scripts,REVIEW
reports/security/BYS360_A6D_RELEASE_LEAK_GATE.json,security,2026-07-08,other-doc-link,REVIEW
reports/security/BYS360_A6D_RELEASE_LEAK_GATE.md,security,2026-07-08,other-doc-link,REVIEW
reports/security/BYS360_A6E_PRODUCTION_ENV_CONTRACT_REPORT.json,security,2026-07-08,scripts,REVIEW
reports/security/BYS360_A6E_PRODUCTION_ENV_CONTRACT_REPORT.md,security,2026-07-08,scripts,REVIEW
reports/security/BYS360_A6F_STRICT_ENV_CONTRACT_REPORT.json,security,2026-07-08,other-doc-link,REVIEW
reports/security/BYS360_A6F_STRICT_ENV_CONTRACT_REPORT.md,security,2026-07-08,other-doc-link,REVIEW
reports/security/BYS360_A6H_RUNTIME_CSP_CSRF_DECISION_REGISTER.json,security,2026-07-08,other-doc-link,REVIEW
reports/security/BYS360_A6H_RUNTIME_CSP_CSRF_DECISION_REGISTER.md,security,2026-07-08,other-doc-link,REVIEW
reports/security/BYS360_A6I_FINAL_CSP_CSRF_DECISION_GATE.json,security,2026-07-08,other-doc-link,REVIEW
reports/security/BYS360_A6I_FINAL_CSP_CSRF_DECISION_GATE.md,security,2026-07-08,other-doc-link,REVIEW
docs/BYS360_GERI_BILDIRIM_KAMPANYA_FORMU_V2_13_2_NOTU.md,(root),2026-07-08,none,ARCHIVE_CANDIDATE
docs/BYS360_GERI_BILDIRIM_MERKEZI_V2_13_0_NOTU.md,(root),2026-07-08,none,ARCHIVE_CANDIDATE
docs/BYS360_GERI_BILDIRIM_SOL_MENU_FIX_V2_13_1_NOTU.md,(root),2026-07-08,none,ARCHIVE_CANDIDATE
docs/BYS360_GIT_HISTORY_SECRET_CLEANUP_NOTES.txt,(root),2026-07-08,none,ARCHIVE_CANDIDATE
docs/BYS360_LIVE_LOGOUT_FORCE_CLEAR_V2_13_3_NOTLAR.txt,(root),2026-07-08,none,ARCHIVE_CANDIDATE
docs/BYS360_LOGOUT_FORCE_CLEAR_V2_15_12_README.md,(root),2026-07-08,none,ARCHIVE_CANDIDATE
docs/BYS360_MOBILE_CONSISTENCY_V2_17_64_README.md,(root),2026-07-08,none,ARCHIVE_CANDIDATE
docs/BYS360_MOBILE_PERFORMANCE_WRITE_SMOKE_PRECHECK_P3_1_V2_17_35_README.txt,(root),2026-07-08,none,ARCHIVE_CANDIDATE
docs/BYS360_MOBILE_REFACTOR_CLOSURE_INVENTORY_P1_10_V2_17_20_README.txt,(root),2026-07-08,none,ARCHIVE_CANDIDATE
docs/BYS360_MOBILE_ROUTE_SPLIT_PLAN_P1_1_V2_17_6_README.txt,(root),2026-07-08,none,ARCHIVE_CANDIDATE
docs/BYS360_MOBILE_SUPPORT_SERVICE_DELEGATE_P1_5_V2_17_13_NOTES.txt,(root),2026-07-08,none,ARCHIVE_CANDIDATE
docs/BYS360_MOBILE_V2_8_80_PORTAL_HOME_APK_NOTLARI.md,(root),2026-07-08,none,ARCHIVE_CANDIDATE
docs/BYS360_NOTIFICATION_EMAIL_V1_KULLANIM.md,(root),2026-07-08,none,ARCHIVE_CANDIDATE
docs/BYS360_PORTAL_MEDIA_COMMENTS_MENTIONS_V2_12_1_NOTLARI.md,(root),2026-07-08,none,ARCHIVE_CANDIDATE
docs/BYS360_REPO_BLOAT_CLEANUP_P1_README.md,(root),2026-07-08,none,ARCHIVE_CANDIDATE
docs/BYS360_REPO_HYGIENE_P0_1_COMPILE_FIX_NOTES.txt,(root),2026-07-08,none,ARCHIVE_CANDIDATE
docs/BYS360_REPO_HYGIENE_P0_3_NOTES.txt,(root),2026-07-08,none,ARCHIVE_CANDIDATE
docs/BYS360_ROUTE_REFACTOR_INVENTORY_P1_V2_17_5_README.txt,(root),2026-07-08,none,ARCHIVE_CANDIDATE
docs/BYS360_TEKNIK_BORC_FINAL_KAPANIS_NOTU_V2_17_45.txt,(root),2026-07-08,none,ARCHIVE_CANDIDATE
docs/BYS360_TEKNIK_BORC_FINAL_KAPANIS_NOTU_V2_17_46.txt,(root),2026-07-08,none,ARCHIVE_CANDIDATE
docs/BYS360_TEKNIK_BORC_TEMIZLIK_SIRASI_V2_17_0.md,(root),2026-07-08,none,ARCHIVE_CANDIDATE
docs/README_EXECUTIVE_SUMMARY_MENU_V2_14_9.md,(root),2026-07-08,none,ARCHIVE_CANDIDATE
docs/V6B_NOTES.md,(root),2026-07-08,none,ARCHIVE_CANDIDATE
docs/adr/ADR-0001-optional-startup-logging.md,adr,2026-07-08,none,ARCHIVE_CANDIDATE
docs/api/BYS360_OPENAPI_BOOTSTRAP.md,api,2026-07-08,none,ARCHIVE_CANDIDATE
docs/architecture/BYS360_ANDROID_RESPONSIVE_BASELINE_GATE_P5A.md,architecture,2026-07-08,none,ARCHIVE_CANDIDATE
docs/architecture/BYS360_ANDROID_RESPONSIVE_CORE_STYLES_GATE_P5B.md,architecture,2026-07-08,none,ARCHIVE_CANDIDATE
docs/architecture/BYS360_ANDROID_RESPONSIVE_FINAL_EVIDENCE_GATE_P5F.md,architecture,2026-07-08,none,ARCHIVE_CANDIDATE
docs/architecture/BYS360_ANDROID_RESPONSIVE_RELEASE_SUITE_GATE_P5D.md,architecture,2026-07-08,none,ARCHIVE_CANDIDATE
docs/architecture/BYS360_ANDROID_RESPONSIVE_RELEASE_SUITE_GATE_P5D_V2.md,architecture,2026-07-08,none,ARCHIVE_CANDIDATE
docs/architecture/BYS360_ANDROID_RESPONSIVE_TARGETED_TEMPLATES_GATE_P5C.md,architecture,2026-07-08,none,ARCHIVE_CANDIDATE
docs/architecture/BYS360_ANDROID_RESPONSIVE_VISUAL_UAT_EVIDENCE_GATE_P5E.md,architecture,2026-07-08,none,ARCHIVE_CANDIDATE
docs/architecture/BYS360_ARCHITECTURE_OVERVIEW.md,architecture,2026-07-08,none,ARCHIVE_CANDIDATE
docs/architecture/BYS360_ARCHITECTURE_SCOPE_GATE_P2E.md,architecture,2026-07-08,none,ARCHIVE_CANDIDATE
docs/architecture/BYS360_CI_ACTIVE_ARCHITECTURE_GATE_P2F.md,architecture,2026-07-08,none,ARCHIVE_CANDIDATE
docs/architecture/BYS360_MOBILE_AUTH_DASHBOARD_ASSISTANT_RESPONSE_GATE_P3B.md,architecture,2026-07-08,none,ARCHIVE_CANDIDATE
docs/architecture/BYS360_MOBILE_AUTH_DASHBOARD_ASSISTANT_RESPONSE_GATE_P3B_V2.md,architecture,2026-07-08,none,ARCHIVE_CANDIDATE
docs/architecture/BYS360_MOBILE_AUTH_DASHBOARD_ASSISTANT_RESPONSE_GATE_P3B_V3.md,architecture,2026-07-08,none,ARCHIVE_CANDIDATE
docs/architecture/BYS360_MOBILE_AUTH_GUARD_MATRIX_GATE_P4A.md,architecture,2026-07-08,none,ARCHIVE_CANDIDATE
docs/architecture/BYS360_MOBILE_BEHAVIOR_SMOKE_GATE_P2B_GUIDE.md,architecture,2026-07-08,none,ARCHIVE_CANDIDATE
docs/architecture/BYS360_MOBILE_PERFORMANCE_RESPONSE_GATE_P3E.md,architecture,2026-07-08,none,ARCHIVE_CANDIDATE
docs/architecture/BYS360_MOBILE_PERSONNEL_KPI_COMMUNICATION_RESPONSE_GATE_P3C.md,architecture,2026-07-08,none,ARCHIVE_CANDIDATE
docs/architecture/BYS360_MOBILE_PERSONNEL_KPI_COMMUNICATION_RESPONSE_GATE_P3C_V2.md,architecture,2026-07-08,none,ARCHIVE_CANDIDATE
docs/architecture/BYS360_MOBILE_RELEASE_EVIDENCE_GATE_P4E.md,architecture,2026-07-08,none,ARCHIVE_CANDIDATE
docs/architecture/BYS360_MOBILE_REQUEST_SCENARIO_GATE_P3A.md,architecture,2026-07-08,none,ARCHIVE_CANDIDATE
docs/architecture/BYS360_MOBILE_RESPONSE_SUITE_GATE_P3F.md,architecture,2026-07-08,none,ARCHIVE_CANDIDATE
docs/architecture/BYS360_MOBILE_ROLE_BOUNDARY_MATRIX_GATE_P4B.md,architecture,2026-07-08,none,ARCHIVE_CANDIDATE
docs/architecture/BYS360_MOBILE_ROLE_BOUNDARY_MATRIX_GATE_P4B_V2.md,architecture,2026-07-08,none,ARCHIVE_CANDIDATE
docs/architecture/BYS360_MOBILE_ROLE_BOUNDARY_MATRIX_GATE_P4B_V3.md,architecture,2026-07-08,none,ARCHIVE_CANDIDATE
docs/architecture/BYS360_MOBILE_SECURITY_EVIDENCE_GATE_P4D.md,architecture,2026-07-08,none,ARCHIVE_CANDIDATE
docs/architecture/BYS360_MOBILE_SECURITY_SUITE_GATE_P4C.md,architecture,2026-07-08,none,ARCHIVE_CANDIDATE
docs/architecture/BYS360_MOBILE_SECURITY_SUITE_GATE_P4C_V2.md,architecture,2026-07-08,none,ARCHIVE_CANDIDATE
docs/architecture/BYS360_MOBILE_SUPPORT_SURVEY_NOTIFICATIONS_RESPONSE_GATE_P3D.md,architecture,2026-07-08,none,ARCHIVE_CANDIDATE
docs/architecture/BYS360_P1A_ARCHITECTURE_ROUTE_INVENTORY_GUIDE.md,architecture,2026-07-08,none,ARCHIVE_CANDIDATE
docs/architecture/BYS360_P1B_MOBILE_ROUTES_SHARED_SPLIT_GUIDE.md,architecture,2026-07-08,none,ARCHIVE_CANDIDATE
docs/architecture/BYS360_P1C_MOBILE_ROUTES_DOMAIN_SPLIT_GUIDE.md,architecture,2026-07-08,none,ARCHIVE_CANDIDATE
docs/architecture/BYS360_P1D_MOBILE_ROUTES_COMM_ASSISTANT_SPLIT_GUIDE.md,architecture,2026-07-08,none,ARCHIVE_CANDIDATE
docs/architecture/BYS360_P1E_MOBILE_ROUTES_PERSONNEL_KPI_SPLIT_GUIDE.md,architecture,2026-07-08,none,ARCHIVE_CANDIDATE
docs/architecture/BYS360_P1F_MOBILE_DOMAIN_SMOKE_CONTRACT_GUIDE.md,architecture,2026-07-08,none,ARCHIVE_CANDIDATE
docs/architecture/BYS360_P2A_MOBILE_PYTEST_CONTRACT_GATE.md,architecture,2026-07-08,none,ARCHIVE_CANDIDATE
docs/architecture/BYS360_P2A_MOBILE_PYTEST_CONTRACT_GATE_V2.md,architecture,2026-07-08,none,ARCHIVE_CANDIDATE
docs/architecture/BYS360_P2A_MOBILE_PYTEST_CONTRACT_GATE_V3_GUIDE.md,architecture,2026-07-08,none,ARCHIVE_CANDIDATE
docs/architecture/BYS360_P2C_MOBILE_REQUEST_LEVEL_SMOKE_GATE_GUIDE.md,architecture,2026-07-08,none,ARCHIVE_CANDIDATE
docs/architecture/BYS360_P2C_MOBILE_REQUEST_LEVEL_SMOKE_GATE_V2.md,architecture,2026-07-08,none,ARCHIVE_CANDIDATE
docs/architecture/BYS360_P2C_MOBILE_REQUEST_LEVEL_SMOKE_GATE_V3.md,architecture,2026-07-08,none,ARCHIVE_CANDIDATE
docs/architecture/BYS360_P2C_MOBILE_REQUEST_LEVEL_SMOKE_GATE_V3B.md,architecture,2026-07-08,none,ARCHIVE_CANDIDATE
docs/architecture/BYS360_P2D_PYTEST_STANDARD_GATE.md,architecture,2026-07-08,none,ARCHIVE_CANDIDATE
docs/communication/BYS360_MESSAGES_RECOVERY_V1.md,communication,2026-07-08,none,ARCHIVE_CANDIDATE
docs/communication/BYS360_MESSAGE_INTERACTIONS_V1.md,communication,2026-07-08,none,ARCHIVE_CANDIDATE
docs/db/BYS360_LOCAL_SQLITE_SCHEMA_BOOTSTRAP_V2_README.md,db,2026-07-08,none,ARCHIVE_CANDIDATE
docs/deploy/BYS360_LIVE_FULL_OVERLAY_V2_12_1_COMMANDS.txt,deploy,2026-07-08,none,ARCHIVE_CANDIDATE
docs/deploy/BYS360_LIVE_FULL_OVERLAY_V2_12_1_README.md,deploy,2026-07-08,none,ARCHIVE_CANDIDATE
docs/executive_summary/executive_summary_permissions_v2_14_9.txt,executive_summary,2026-07-08,none,ARCHIVE_CANDIDATE
docs/handover/BYS360_CLEANROOM_SMOKE_P4_KONTROL_LISTESI.md,handover,2026-07-08,none,ARCHIVE_CANDIDATE
docs/handover/BYS360_DEVIR_TESLIM_KONTROL_LISTESI.md,handover,2026-07-08,none,ARCHIVE_CANDIDATE
docs/handover/BYS360_SCORE100_HANDOVER_SECURITY_V1_README.md,handover,2026-07-08,none,ARCHIVE_CANDIDATE
docs/handover/HANDOVER_10_10_EVIDENCE_20260708.md,handover,2026-07-08,none,ARCHIVE_CANDIDATE
docs/handover/SCRIPTS_DEVIR_TESLIM_NOTU.md,handover,2026-07-08,none,ARCHIVE_CANDIDATE
docs/mobile/BYS360_MOBILE_V2_8_74_ANDROID_RELEASE_READY_P0_README.md,mobile,2026-07-08,none,ARCHIVE_CANDIDATE
docs/mobile/BYS360_MOBILE_V2_8_75_APP_MATURITY_P1_README.md,mobile,2026-07-08,none,ARCHIVE_CANDIDATE
docs/mobile/BYS360_Mobile_V2_8_77_Android_V2_Embedding_PS51_Fix_README.txt,mobile,2026-07-08,none,ARCHIVE_CANDIDATE
docs/notifications/BYS360_NOTIFICATIONS_V2_1_24_CROSS_MODULE_NOTIFICATION_BRIDGE.md,notifications,2026-07-08,none,ARCHIVE_CANDIDATE
docs/ops/BYS360_OPS_HARDENING_V6A_README.md,ops,2026-07-08,none,ARCHIVE_CANDIDATE
docs/ops_hardening/README_V3_PRINT_CLEANUP.md,ops_hardening,2026-07-08,none,ARCHIVE_CANDIDATE
docs/ops_hardening/README_V4_EXCEPTION_TRIAGE.md,ops_hardening,2026-07-08,none,ARCHIVE_CANDIDATE
docs/portal/BYS360_PORTAL_AJAX_REACTIONS_V1.md,portal,2026-07-08,none,ARCHIVE_CANDIDATE
docs/portal/BYS360_PORTAL_EXPERIENCE_V1B_GUARD_README.md,portal,2026-07-08,none,ARCHIVE_CANDIDATE
docs/portal/BYS360_PORTAL_EXPERIENCE_V1_README.md,portal,2026-07-08,none,ARCHIVE_CANDIDATE
docs/portal/BYS360_PORTAL_EXPERIENCE_V2A_LIVE_TEXT_CLEANUP_README.md,portal,2026-07-08,none,ARCHIVE_CANDIDATE
docs/portal/BYS360_PORTAL_EXPERIENCE_V2B_FEED_FIRST_README.md,portal,2026-07-08,none,ARCHIVE_CANDIDATE
docs/portal/BYS360_PORTAL_EXPERIENCE_V2C_POST_CARDS_README.md,portal,2026-07-08,none,ARCHIVE_CANDIDATE
docs/portal/BYS360_PORTAL_EXPERIENCE_V2D1_PROFILE_VISUAL_FIX_README.md,portal,2026-07-08,none,ARCHIVE_CANDIDATE
docs/portal/BYS360_PORTAL_EXPERIENCE_V2D_PROFILE_AREA_README.md,portal,2026-07-08,none,ARCHIVE_CANDIDATE
docs/portal/BYS360_PORTAL_EXPERIENCE_V2E_NOTIFICATIONS_README.md,portal,2026-07-08,none,ARCHIVE_CANDIDATE
docs/portal/BYS360_PORTAL_EXPERIENCE_V2F_NEWS_SHOWCASE_LEFT_README.md,portal,2026-07-08,none,ARCHIVE_CANDIDATE
docs/portal/BYS360_PORTAL_EXPERIENCE_V2_README.md,portal,2026-07-08,none,ARCHIVE_CANDIDATE
docs/portal/BYS360_PORTAL_EXPERIENCE_V3A1_PRESS_NEWS_SIDEBAR_README.md,portal,2026-07-08,none,ARCHIVE_CANDIDATE
docs/portal/BYS360_PORTAL_EXPERIENCE_V3A2_NEWS_HARDENING_README.md,portal,2026-07-08,none,ARCHIVE_CANDIDATE
docs/portal/BYS360_PORTAL_EXPERIENCE_V3A_PRESS_NEWS_README.md,portal,2026-07-08,none,ARCHIVE_CANDIDATE
docs/portal/BYS360_PORTAL_EXPERIENCE_V3B1_SOCIAL_POST_LIVE_README.md,portal,2026-07-08,none,ARCHIVE_CANDIDATE
docs/portal/BYS360_PORTAL_EXPERIENCE_V3B2_SOCIAL_AUTO_IMPORT_README.md,portal,2026-07-08,none,ARCHIVE_CANDIDATE
docs/portal/BYS360_PORTAL_EXPERIENCE_V3B3_SOCIAL_IMPORT_CENTER_README.md,portal,2026-07-08,none,ARCHIVE_CANDIDATE
docs/portal/BYS360_PORTAL_EXPERIENCE_V3B4_SOCIAL_AUTO_FLOW_FIX_README.md,portal,2026-07-08,none,ARCHIVE_CANDIDATE
docs/portal/BYS360_PORTAL_EXPERIENCE_V3B5_APP_TASK_CONTROL_README.md,portal,2026-07-08,none,ARCHIVE_CANDIDATE
docs/portal/BYS360_PORTAL_EXPERIENCE_V3B6_SOCIAL_IMPORT_TABS_CLEANUP_README.md,portal,2026-07-08,none,ARCHIVE_CANDIDATE
docs/portal/BYS360_PORTAL_EXPERIENCE_V3B7_SOCIAL_LINK_POOL_README.md,portal,2026-07-08,none,ARCHIVE_CANDIDATE
docs/portal/BYS360_PORTAL_EXPERIENCE_V3B8B_RESTORE_PORTAL_TABS_README.md,portal,2026-07-08,none,ARCHIVE_CANDIDATE
docs/portal/BYS360_PORTAL_EXPERIENCE_V3B8C_RESTORE_PORTAL_MENU_README.md,portal,2026-07-08,none,ARCHIVE_CANDIDATE
docs/portal/BYS360_PORTAL_EXPERIENCE_V3B8_REMOVE_SOCIAL_AND_NEWS_ORDER_README.md,portal,2026-07-08,none,ARCHIVE_CANDIDATE
docs/portal/BYS360_PORTAL_EXPERIENCE_V3B_SOCIAL_EMBED_POSTS_README.md,portal,2026-07-08,none,ARCHIVE_CANDIDATE
docs/qa/BYS360_ANDROID_RESPONSIVE_FINAL_EVIDENCE_P5F.md,qa,2026-07-08,none,ARCHIVE_CANDIDATE
docs/qa/BYS360_ANDROID_RESPONSIVE_INVENTORY_PRECISION_P6C.md,qa,2026-07-08,none,ARCHIVE_CANDIDATE
docs/qa/BYS360_ANDROID_RESPONSIVE_UAT_FINDINGS_TEMPLATE_P6A.md,qa,2026-07-08,none,ARCHIVE_CANDIDATE
docs/qa/BYS360_ANDROID_RESPONSIVE_VISUAL_REGRESSION_EVIDENCE_SUITE_P6B.md,qa,2026-07-08,none,ARCHIVE_CANDIDATE
docs/qa/BYS360_ANDROID_RESPONSIVE_VISUAL_REGRESSION_EVIDENCE_SUITE_P6B_V2.md,qa,2026-07-08,none,ARCHIVE_CANDIDATE
docs/qa/BYS360_ANDROID_RESPONSIVE_VISUAL_REGRESSION_GUIDE_P6A.md,qa,2026-07-08,none,ARCHIVE_CANDIDATE
docs/qa/BYS360_ANDROID_RESPONSIVE_VISUAL_UAT_CHECKLIST_P5E.md,qa,2026-07-08,none,ARCHIVE_CANDIDATE
docs/quality/BYS360_10_10_KALITE_YOL_HARITASI.md,quality,2026-07-08,none,ARCHIVE_CANDIDATE
docs/quality/BYS360_AI_SCREEN_GUIDE_WORKING_V2.md,quality,2026-07-08,none,ARCHIVE_CANDIDATE
docs/quality/BYS360_CI_HARDENING_SAFE_V1_RUNBOOK.md,quality,2026-07-08,none,ARCHIVE_CANDIDATE
docs/quality/BYS360_EFFECTIVE_MENU_FACADE_V1.md,quality,2026-07-08,none,ARCHIVE_CANDIDATE
docs/quality/BYS360_MOBILE_PERFORMANCE_FULL_SUMMARY_DELEGATE_P2_2_V2_17_26_NOTES.txt,quality,2026-07-08,none,ARCHIVE_CANDIDATE
docs/quality/BYS360_MOBILE_SMOKE_BASELINE_P1_11_V2_17_21_NOTES.md,quality,2026-07-08,none,ARCHIVE_CANDIDATE
docs/quality/BYS360_P14F1_MOBILE_API_BLUEPRINT_NAME_FIX.md,quality,2026-07-08,none,ARCHIVE_CANDIDATE
docs/quality/BYS360_P14F2_MOBILE_API_ROUTE_REGISTRAR_ADAPTER.md,quality,2026-07-08,none,ARCHIVE_CANDIDATE
docs/quality/BYS360_P14F4_SOURCE_AWARE_EXISTING_ASSISTANT_RESTORE.md,quality,2026-07-08,none,ARCHIVE_CANDIDATE
docs/quality/BYS360_P14J2_PERFORMANCE_ARCHIVE_CORPORATE_TEMPLATE_RESTORE.md,quality,2026-07-08,none,ARCHIVE_CANDIDATE
docs/quality/BYS360_P14J_PERFORMANCE_ARCHIVE_TEMPLATE_RESTORE.md,quality,2026-07-08,none,ARCHIVE_CANDIDATE
docs/quality/BYS360_QUALITY9_CI_TEST_DEPENDENCY_GATE_V2.md,quality,2026-07-08,none,ARCHIVE_CANDIDATE
docs/quality/BYS360_QUALITY9_CI_TEST_THRESHOLD_AUTH_SESSION_GATE.md,quality,2026-07-08,none,ARCHIVE_CANDIDATE
docs/quality/BYS360_QUALITY_10_10_P10_2_FINAL_P1_DECISION.md,quality,2026-07-08,none,ARCHIVE_CANDIDATE
docs/quality/BYS360_QUALITY_10_10_P10_REMAINING_P1_TRIAGE.md,quality,2026-07-08,none,ARCHIVE_CANDIDATE
docs/quality/BYS360_QUALITY_10_10_P11_B1A_MOBILE_ROUTES_DECORATOR_FIX.md,quality,2026-07-08,none,ARCHIVE_CANDIDATE
docs/quality/BYS360_QUALITY_10_10_P11_B1_MOBILE_ROUTES_SPLIT_CANDIDATES.md,quality,2026-07-08,none,ARCHIVE_CANDIDATE
docs/quality/BYS360_QUALITY_10_10_P11_B2_MOBILE_UTILITY_ROUTES_BRIDGE.md,quality,2026-07-08,none,ARCHIVE_CANDIDATE
docs/quality/BYS360_QUALITY_10_10_P11_B3_MOBILE_LIGHT_READ_ROUTES_BRIDGE.md,quality,2026-07-08,none,ARCHIVE_CANDIDATE
docs/quality/BYS360_QUALITY_10_10_P11_B4_MOBILE_DETAIL_READ_ROUTES_BRIDGE.md,quality,2026-07-08,none,ARCHIVE_CANDIDATE
docs/quality/BYS360_QUALITY_10_10_P11_B5_MOBILE_SUPPORT_SURVEY_READ_ROUTES_BRIDGE.md,quality,2026-07-08,none,ARCHIVE_CANDIDATE
docs/quality/BYS360_QUALITY_10_10_P11_B6_MOBILE_COMMUNICATION_READ_ROUTES_BRIDGE.md,quality,2026-07-08,none,ARCHIVE_CANDIDATE
docs/quality/BYS360_QUALITY_10_10_P11_B7_MOBILE_COMMUNICATION_V2_READ_ROUTE_BRIDGE.md,quality,2026-07-08,none,ARCHIVE_CANDIDATE
docs/quality/BYS360_QUALITY_10_10_P11_B8_MOBILE_ROUTES_REMAINING_REFRESH.md,quality,2026-07-08,none,ARCHIVE_CANDIDATE
docs/quality/BYS360_QUALITY_10_10_P11_B9_MOBILE_PERFORMANCE_READ_ROUTES_BRIDGE.md,quality,2026-07-08,none,ARCHIVE_CANDIDATE
docs/quality/BYS360_QUALITY_10_10_P11_B_MOBILE_ROUTES_INVENTORY.md,quality,2026-07-08,none,ARCHIVE_CANDIDATE
docs/quality/BYS360_QUALITY_10_10_P11_C1_MOBILE_PERFORMANCE_READ_ROUTES_BRIDGE.md,quality,2026-07-08,none,ARCHIVE_CANDIDATE
docs/quality/BYS360_QUALITY_10_10_P11_C2_MOBILE_PERFORMANCE_ROUTES_REMAINING_REFRESH.md,quality,2026-07-08,none,ARCHIVE_CANDIDATE
docs/quality/BYS360_QUALITY_10_10_P11_C_MOBILE_PERFORMANCE_ROUTES_INVENTORY.md,quality,2026-07-08,none,ARCHIVE_CANDIDATE
docs/quality/BYS360_QUALITY_10_10_P11_D1_MENU_REGISTRY_DATA_CANDIDATES.md,quality,2026-07-08,none,ARCHIVE_CANDIDATE
docs/quality/BYS360_QUALITY_10_10_P11_D3_MENU_SECTIONS_BRIDGE.md,quality,2026-07-08,none,ARCHIVE_CANDIDATE
docs/quality/BYS360_QUALITY_10_10_P11_D_MENU_REGISTRY_INVENTORY.md,quality,2026-07-08,none,ARCHIVE_CANDIDATE
docs/quality/BYS360_QUALITY_10_10_P11_E1_EFFECTIVE_MENU_DEPENDENCY_CANDIDATES.md,quality,2026-07-08,none,ARCHIVE_CANDIDATE
docs/quality/BYS360_QUALITY_10_10_P11_E_EFFECTIVE_MENU_INVENTORY.md,quality,2026-07-08,none,ARCHIVE_CANDIDATE
docs/quality/BYS360_QUALITY_10_10_P11_F1_SETTINGS_STYLE_PARTIAL.md,quality,2026-07-08,none,ARCHIVE_CANDIDATE
docs/quality/BYS360_QUALITY_10_10_P11_F_SETTINGS_TEMPLATE_INVENTORY.md,quality,2026-07-08,none,ARCHIVE_CANDIDATE
docs/quality/BYS360_QUALITY_10_10_P11_G2_EVALUATION_STYLE_PARTIAL.md,quality,2026-07-08,none,ARCHIVE_CANDIDATE
docs/quality/BYS360_QUALITY_10_10_P11_G_EVALUATION_TEMPLATE_INVENTORY.md,quality,2026-07-08,none,ARCHIVE_CANDIDATE
docs/quality/BYS360_QUALITY_10_10_P11_H1_CSS_WRAPPER_SPLIT.md,quality,2026-07-08,none,ARCHIVE_CANDIDATE
docs/quality/BYS360_QUALITY_10_10_P11_H_CSS_INVENTORY.md,quality,2026-07-08,none,ARCHIVE_CANDIDATE
docs/quality/BYS360_QUALITY_10_10_P11_REFACTOR_PLAN.md,quality,2026-07-08,none,ARCHIVE_CANDIDATE
docs/quality/BYS360_QUALITY_10_10_P12_A1_TECHNICAL_UI_TERM_INVENTORY_FIX.md,quality,2026-07-08,none,ARCHIVE_CANDIDATE
docs/quality/BYS360_QUALITY_10_10_P12_A_TECHNICAL_UI_TERM_INVENTORY.md,quality,2026-07-08,none,ARCHIVE_CANDIDATE
docs/quality/BYS360_QUALITY_10_10_P12_B_TECHNICAL_UI_TERM_DECISION.md,quality,2026-07-08,none,ARCHIVE_CANDIDATE
docs/quality/BYS360_QUALITY_10_10_P13_A2_EFFECTIVE_P1_CLOSURE_MAP_CORRECTED.md,quality,2026-07-08,none,ARCHIVE_CANDIDATE
docs/quality/BYS360_QUALITY_10_10_P13_A3_EFFECTIVE_P1_CLOSURE_FROM_P7.md,quality,2026-07-08,none,ARCHIVE_CANDIDATE
docs/quality/BYS360_QUALITY_10_10_P13_A_EFFECTIVE_P1_CLOSURE_MAP.md,quality,2026-07-08,none,ARCHIVE_CANDIDATE
docs/quality/BYS360_QUALITY_10_10_P13_B_REPAIR_SCRIPT_INVENTORY.md,quality,2026-07-08,none,ARCHIVE_CANDIDATE
docs/quality/BYS360_QUALITY_10_10_P13_C_REPAIR_SCRIPT_ARCHIVE_DRYRUN.md,quality,2026-07-08,none,ARCHIVE_CANDIDATE
docs/quality/BYS360_QUALITY_10_10_P13_E2_P12B_LAST_P0_FIX.md,quality,2026-07-08,none,ARCHIVE_CANDIDATE
docs/quality/BYS360_QUALITY_10_10_P13_E_ANALYSIS_SCRIPT_P0_FIX.md,quality,2026-07-08,none,ARCHIVE_CANDIDATE
docs/quality/BYS360_QUALITY_10_10_P13_F2_REPAIR_INVENTORY_LOGGER_FIX.md,quality,2026-07-08,none,ARCHIVE_CANDIDATE
docs/quality/BYS360_QUALITY_10_10_P13_F3_REPAIR_INVENTORY_FORCE_LOGGING_FIX.md,quality,2026-07-08,none,ARCHIVE_CANDIDATE
docs/quality/BYS360_QUALITY_10_10_P13_F_REPAIR_INVENTORY_EXCEPT_LOG_FIX.md,quality,2026-07-08,none,ARCHIVE_CANDIDATE
docs/quality/BYS360_QUALITY_10_10_P14_A_ASSISTANT_JS_INVENTORY.md,quality,2026-07-08,none,ARCHIVE_CANDIDATE
docs/quality/BYS360_QUALITY_10_10_P14_B_ASSISTANT_JS_SPLIT_DECISION.md,quality,2026-07-08,none,ARCHIVE_CANDIDATE
docs/quality/BYS360_QUALITY_10_10_P14_C_ASSISTANT_JS_HELPER_SPLIT_DRYRUN.md,quality,2026-07-08,none,ARCHIVE_CANDIDATE
docs/quality/BYS360_QUALITY_10_10_P14_D_ASSISTANT_JS_SPLIT_READINESS.md,quality,2026-07-08,none,ARCHIVE_CANDIDATE
docs/quality/BYS360_QUALITY_10_10_P14_E_ASSISTANT_JS_HELPER_SPLIT_APPLY.md,quality,2026-07-08,none,ARCHIVE_CANDIDATE
docs/quality/BYS360_QUALITY_10_10_P14_F_ASSISTANT_JS_SPLIT_VERIFICATION.md,quality,2026-07-08,none,ARCHIVE_CANDIDATE
docs/quality/BYS360_QUALITY_10_10_P14_G2_SELF_P0_FIX.md,quality,2026-07-08,none,ARCHIVE_CANDIDATE
docs/quality/BYS360_QUALITY_10_10_P14_G_P0_SILENT_EXCEPT_FIX.md,quality,2026-07-08,none,ARCHIVE_CANDIDATE
docs/quality/BYS360_QUALITY_10_10_P14_H2_SELF_EXCEPT_FIX.md,quality,2026-07-08,none,ARCHIVE_CANDIDATE
docs/quality/BYS360_QUALITY_10_10_P14_H_P1_CLEANUP.md,quality,2026-07-08,none,ARCHIVE_CANDIDATE
docs/quality/BYS360_QUALITY_10_10_P14_I_FINAL_CLOSURE_REPORT.md,quality,2026-07-08,none,ARCHIVE_CANDIDATE
docs/quality/BYS360_QUALITY_10_10_P1_NOTLARI.md,quality,2026-07-08,none,ARCHIVE_CANDIDATE
docs/quality/BYS360_QUALITY_10_10_P1_ROLLBACK_NOTU.md,quality,2026-07-08,none,ARCHIVE_CANDIDATE
docs/quality/BYS360_QUALITY_10_10_P3_CLEAN_AUDIT_EXCLUDE_BACKUPS.md,quality,2026-07-08,none,ARCHIVE_CANDIDATE
docs/quality/BYS360_QUALITY_10_10_P4_NEXT_TARGET_FINDER.md,quality,2026-07-08,none,ARCHIVE_CANDIDATE
docs/quality/BYS360_QUALITY_10_10_P5_SINGLE_BLOCK_BIG_FILE.md,quality,2026-07-08,none,ARCHIVE_CANDIDATE
docs/quality/BYS360_QUALITY_10_10_P6_EXACT_LINE_FINAL_P0.md,quality,2026-07-08,none,ARCHIVE_CANDIDATE
docs/quality/BYS360_QUALITY_10_10_P7_P1_ANALYSIS.md,quality,2026-07-08,none,ARCHIVE_CANDIDATE
docs/quality/BYS360_QUALITY_10_10_P8_1_P1_EXCEPT_SINGLE_LINE_FIX.md,quality,2026-07-08,none,ARCHIVE_CANDIDATE
docs/quality/BYS360_QUALITY_10_10_P8_P1_EXCEPT_WITHOUT_LOG.md,quality,2026-07-08,none,ARCHIVE_CANDIDATE
docs/quality/BYS360_QUALITY_10_10_P9_3_MOBILE_INTERNAL_NAMING.md,quality,2026-07-08,none,ARCHIVE_CANDIDATE
docs/quality/BYS360_QUALITY_10_10_P9_4_FLUTTER_ANALYZE_INFO_FIX.md,quality,2026-07-08,none,ARCHIVE_CANDIDATE
docs/quality/BYS360_QUALITY_10_10_P9_TECHNICAL_UI_TERM_ANALYSIS.md,quality,2026-07-08,none,ARCHIVE_CANDIDATE
docs/quality/BYS360_REPO_HYGIENE_P0_2_V2_17_3_NOTES.md,quality,2026-07-08,none,ARCHIVE_CANDIDATE
docs/quality/BYS360_REPO_HYGIENE_P1_V2_17_53_README.md,quality,2026-07-08,none,ARCHIVE_CANDIDATE
docs/quality/BYS360_SCORECARD_TARGETS.md,quality,2026-07-08,none,ARCHIVE_CANDIDATE
docs/quality/BYS360_SCORE_100_QUALITY_GATE_V1_KULLANIM.md,quality,2026-07-08,none,ARCHIVE_CANDIDATE
docs/quality/BYS360_SCORE_UPLIFT_ROADMAP.md,quality,2026-07-08,none,ARCHIVE_CANDIDATE
docs/quality/BYS360_UX1_SIMPLE_SCREEN_GUIDE.md,quality,2026-07-08,none,ARCHIVE_CANDIDATE
docs/quality/BYS360_UX1_SIMPLE_SCREEN_GUIDE_V1B.md,quality,2026-07-08,none,ARCHIVE_CANDIDATE
docs/quality/README_BYS360_MOBILE_CONTRACT_REGRESSION_RECOVERY_V1.md,quality,2026-07-08,none,ARCHIVE_CANDIDATE
docs/quality/README_BYS360_MOBILE_CONTRACT_RUNTIME_IMPORT_FIX_V2.md,quality,2026-07-08,none,ARCHIVE_CANDIDATE
docs/release/BYS360_RELEASE_DISCIPLINE_V1.md,release,2026-07-08,none,ARCHIVE_CANDIDATE
docs/security/BYS360_P0B_SECRET_GATE_PRECISION_NOTES.md,security,2026-07-08,none,ARCHIVE_CANDIDATE
docs/security/BYS360_P0C_SOURCE_SECRET_SANITIZER_NOTES.md,security,2026-07-08,none,ARCHIVE_CANDIDATE
docs/security/BYS360_P0D_GATE_PRECISION_V2_NOTES.md,security,2026-07-08,none,ARCHIVE_CANDIDATE
docs/security/BYS360_PHASE1_BLEEDING_STOP_RUNBOOK.md,security,2026-07-08,none,ARCHIVE_CANDIDATE
docs/security/BYS360_SECRET_RELEASE_GUIDE.md,security,2026-07-08,none,ARCHIVE_CANDIDATE
docs/security/BYS360_TCKN_FIELD_ENCRYPTION_DECISION_V1A.md,security,2026-07-08,none,ARCHIVE_CANDIDATE
docs/security/SECURE_RELEASE_SECRET_CLEAN_V1_1_RUNBOOK.md,security,2026-07-08,none,ARCHIVE_CANDIDATE
docs/security/SECURE_RELEASE_SECRET_CLEAN_V1_2_RUNBOOK.md,security,2026-07-08,none,ARCHIVE_CANDIDATE
reports/architecture/BYS360_MOBILE_CONTRACT_REGRESSION_RECOVERY_V1_REPORT.json,architecture,2026-07-08,none,ARCHIVE_CANDIDATE
reports/architecture/BYS360_MOBILE_CONTRACT_RUNTIME_IMPORT_FIX_V2_REPORT.json,architecture,2026-07-08,none,ARCHIVE_CANDIDATE
reports/architecture/BYS360_PHASE2A_ARCHITECTURE_DEBT_MAP.json,architecture,2026-07-08,none,ARCHIVE_CANDIDATE
reports/architecture/BYS360_PHASE2A_ARCHITECTURE_DEBT_MAP.md,architecture,2026-07-08,none,ARCHIVE_CANDIDATE
reports/architecture/BYS360_PHASE2B_ROUTE_SNAPSHOT_CONTRACT.json,architecture,2026-07-08,none,ARCHIVE_CANDIDATE
reports/architecture/BYS360_PHASE2B_ROUTE_SNAPSHOT_CONTRACT.md,architecture,2026-07-08,none,ARCHIVE_CANDIDATE
reports/architecture/BYS360_PHASE2C2_FINAL_CLOSURE_EVIDENCE.json,architecture,2026-07-08,none,ARCHIVE_CANDIDATE
reports/architecture/BYS360_PHASE2C2_FINAL_CLOSURE_EVIDENCE.md,architecture,2026-07-08,none,ARCHIVE_CANDIDATE
reports/architecture/BYS360_PHASE2C2_MOBILE_SHARED_WILDCARD_IMPORT_APPLY.json,architecture,2026-07-08,none,ARCHIVE_CANDIDATE
reports/architecture/BYS360_PHASE2C2_MOBILE_SHARED_WILDCARD_IMPORT_APPLY.md,architecture,2026-07-08,none,ARCHIVE_CANDIDATE
reports/architecture/BYS360_PHASE2C3_AUTH_EXPLICIT_IMPORT_APPLY.json,architecture,2026-07-08,none,ARCHIVE_CANDIDATE
reports/architecture/BYS360_PHASE2C3_AUTH_EXPLICIT_IMPORT_APPLY.md,architecture,2026-07-08,none,ARCHIVE_CANDIDATE
reports/architecture/BYS360_PHASE2C3_FINAL_CLOSURE_EVIDENCE.json,architecture,2026-07-08,none,ARCHIVE_CANDIDATE
reports/architecture/BYS360_PHASE2C3_FINAL_CLOSURE_EVIDENCE.md,architecture,2026-07-08,none,ARCHIVE_CANDIDATE
reports/architecture/BYS360_PHASE2C4_FACADE_EXCEPTION_CLOSURE_EVIDENCE.json,architecture,2026-07-08,none,ARCHIVE_CANDIDATE
reports/architecture/BYS360_PHASE2C4_FACADE_EXCEPTION_CLOSURE_EVIDENCE.md,architecture,2026-07-08,none,ARCHIVE_CANDIDATE
reports/architecture/BYS360_PHASE2C4_MOBILE_ROUTES_SHARED_FACADE_APPLY.json,architecture,2026-07-08,none,ARCHIVE_CANDIDATE
reports/architecture/BYS360_PHASE2C4_MOBILE_ROUTES_SHARED_FACADE_APPLY.md,architecture,2026-07-08,none,ARCHIVE_CANDIDATE
reports/architecture/BYS360_PHASE2C5_NEXT_LOW_RISK_WILDCARD_BATCH_APPLY.json,architecture,2026-07-08,none,ARCHIVE_CANDIDATE
reports/architecture/BYS360_PHASE2C5_NEXT_LOW_RISK_WILDCARD_BATCH_APPLY.md,architecture,2026-07-08,none,ARCHIVE_CANDIDATE
reports/live_readiness/BYS360_A7A_LOCAL_LIVE_READINESS_BASELINE.json,live_readiness,2026-07-08,none,ARCHIVE_CANDIDATE
reports/live_readiness/BYS360_A7A_LOCAL_LIVE_READINESS_BASELINE.md,live_readiness,2026-07-08,none,ARCHIVE_CANDIDATE
reports/live_readiness/BYS360_A7B_ROLLBACK_BACKUP_PLAN.json,live_readiness,2026-07-08,none,ARCHIVE_CANDIDATE
reports/live_readiness/BYS360_A7B_ROLLBACK_BACKUP_PLAN.md,live_readiness,2026-07-08,none,ARCHIVE_CANDIDATE
reports/live_readiness/BYS360_A7C_PRELIVE_BACKUP_SCRIPT_REGISTER.json,live_readiness,2026-07-08,none,ARCHIVE_CANDIDATE
reports/live_readiness/BYS360_A7C_PRELIVE_BACKUP_SCRIPT_REGISTER.md,live_readiness,2026-07-08,none,ARCHIVE_CANDIDATE
reports/live_readiness/BYS360_A7D_V2_LOCAL_SMOKE_TEST_CONTRACT.json,live_readiness,2026-07-08,none,ARCHIVE_CANDIDATE
reports/live_readiness/BYS360_A7D_V2_LOCAL_SMOKE_TEST_CONTRACT.md,live_readiness,2026-07-08,none,ARCHIVE_CANDIDATE
reports/live_readiness/BYS360_A7D_V3_LOCAL_SMOKE_TEST_CONTRACT.json,live_readiness,2026-07-08,none,ARCHIVE_CANDIDATE
reports/live_readiness/BYS360_A7D_V3_LOCAL_SMOKE_TEST_CONTRACT.md,live_readiness,2026-07-08,none,ARCHIVE_CANDIDATE
reports/live_readiness/BYS360_A7F_GO_NO_GO_FINAL_DECISION.json,live_readiness,2026-07-08,none,ARCHIVE_CANDIDATE
reports/live_readiness/BYS360_A7F_GO_NO_GO_FINAL_DECISION.md,live_readiness,2026-07-08,none,ARCHIVE_CANDIDATE
reports/live_readiness/BYS360_A8A_LIVE_CUTOVER_CONTROL_CHECKLIST.json,live_readiness,2026-07-08,none,ARCHIVE_CANDIDATE
reports/live_readiness/BYS360_A8A_LIVE_CUTOVER_CONTROL_CHECKLIST.md,live_readiness,2026-07-08,none,ARCHIVE_CANDIDATE
reports/portal/BYS360_SOCIAL_MEDIA_AUTO_IMPORT_V3B4_LAST_REPORT.json,portal,2026-07-08,none,ARCHIVE_CANDIDATE
reports/quality/BYS360_A10R2_FINAL_TECH_DEBT_EVIDENCE_CLEAN_ZIP.json,quality,2026-07-08,none,ARCHIVE_CANDIDATE
reports/quality/BYS360_A10R2_FINAL_TECH_DEBT_EVIDENCE_CLEAN_ZIP.md,quality,2026-07-08,none,ARCHIVE_CANDIDATE
reports/quality/BYS360_A10R3_CANONICAL_EVIDENCE_MANIFEST.json,quality,2026-07-08,none,ARCHIVE_CANDIDATE
reports/quality/BYS360_A10R3_CANONICAL_EVIDENCE_MANIFEST.md,quality,2026-07-08,none,ARCHIVE_CANDIDATE
reports/quality/BYS360_A11C_WARNING_ZERO_FINAL_EVIDENCE.json,quality,2026-07-08,none,ARCHIVE_CANDIDATE
reports/quality/BYS360_A11C_WARNING_ZERO_FINAL_EVIDENCE.md,quality,2026-07-08,none,ARCHIVE_CANDIDATE
reports/quality/BYS360_A12F_UI_TECHNICAL_LANGUAGE_FINAL_EVIDENCE.json,quality,2026-07-08,none,ARCHIVE_CANDIDATE
reports/quality/BYS360_A12F_UI_TECHNICAL_LANGUAGE_FINAL_EVIDENCE.md,quality,2026-07-08,none,ARCHIVE_CANDIDATE
reports/quality/BYS360_A13A_UI_DESIGN_SYSTEM_INVENTORY.json,quality,2026-07-08,none,ARCHIVE_CANDIDATE
reports/quality/BYS360_A13A_UI_DESIGN_SYSTEM_INVENTORY.md,quality,2026-07-08,none,ARCHIVE_CANDIDATE
reports/quality/BYS360_A13B_UI_DESIGN_SYSTEM_CONSOLIDATION_PLAN.json,quality,2026-07-08,none,ARCHIVE_CANDIDATE
reports/quality/BYS360_A13B_UI_DESIGN_SYSTEM_CONSOLIDATION_PLAN.md,quality,2026-07-08,none,ARCHIVE_CANDIDATE
reports/quality/BYS360_SCORE100_FINAL_PASS_92_REPORT.json,quality,2026-07-08,none,ARCHIVE_CANDIDATE
reports/quality/BYS360_SCORE100_FINAL_PASS_92_REPORT.md,quality,2026-07-08,none,ARCHIVE_CANDIDATE
reports/security/BYS360_10_10_RED_GATE_V1_LOCAL_CLOSURE.md,security,2026-07-08,none,ARCHIVE_CANDIDATE
reports/security/BYS360_A6G_CSP_CSRF_RISK_CLASSIFICATION.json,security,2026-07-08,none,ARCHIVE_CANDIDATE
reports/security/BYS360_A6G_CSP_CSRF_RISK_CLASSIFICATION.md,security,2026-07-08,none,ARCHIVE_CANDIDATE
reports/security/BYS360_RED_GATE_XSS_FINAL_LOCAL_NOTE_20260707.md,security,2026-07-08,none,ARCHIVE_CANDIDATE
reports/security/a6b_backups/.gitignore,security,2026-07-08,none,ARCHIVE_CANDIDATE
reports/security/a6b_backups/.releaseignore,security,2026-07-08,none,ARCHIVE_CANDIDATE
reports/security/a6b_backups/500.html,security,2026-07-08,none,ARCHIVE_CANDIDATE
docs/archive/legacy-root/BYS360_HANDOVER_MANIFEST.json,archive,2026-07-08,other-doc-link,ALREADY_ARCHIVED
docs/archive/legacy-root/BYS360_OPS_HARDENING_V1_MANIFEST.json,archive,2026-07-08,other-doc-link,ALREADY_ARCHIVED
docs/archive/legacy-root/BYS360_OPS_HARDENING_V2_TRIAGE_MANIFEST.json,archive,2026-07-08,other-doc-link,ALREADY_ARCHIVED
