sicil_no,ad,soyad,ad_soyad,email,dogum_tarihi,ise_giris_tarihi,birim,unvan,kategori,aktif,not
TST00001,Fatma,Sahin,Fatma Sahin,fatma.sahin.00001@example.gov.tr,1999-09-26,2010-09-14,Bilgi Teknolojileri,Grup Baskani,Deneme Sureli Personel,1,SAHTE TEST VERISI - GERCEK PERSONEL VERISI DEGILDIR
TST00002,Elif,Arslan,Elif Arslan,elif.arslan.00002@example.gov.tr,1994-11-24,2026-06-07,Egitim ve Performans,Uzman,Teknik Personel,1,SAHTE TEST VERISI - GERCEK PERSONEL VERISI DEGILDIR
TST00003,Zeynep,Ozkan,Zeynep Ozkan,zeynep.ozkan.00003@example.gov.tr,1989-09-23,2019-03-30,Idari Isler,Isci,Guvenlik,1,SAHTE TEST VERISI - GERCEK PERSONEL VERISI DEGILDIR
TST00004,Mehmet,Demir,Mehmet Demir,mehmet.demir.00004@example.gov.tr,1991-09-19,2009-03-18,Egitim ve Performans,Teknik Personel,Temizlik,1,SAHTE TEST VERISI - GERCEK PERSONEL VERISI DEGILDIR
TST00005,Ahmet,Aydin,Ahmet Aydin,ahmet.aydin.00005@example.gov.tr,1984-09-22,2017-06-02,Idari Isler,Memur,Guvenlik,1,SAHTE TEST VERISI - GERCEK PERSONEL VERISI DEGILDIR
TST00006,Mustafa,Kilic,Mustafa Kilic,mustafa.kilic.00006@example.gov.tr,1991-02-26,2010-01-21,Idari Isler,Teknik Personel,Guvenlik,1,SAHTE TEST VERISI - GERCEK PERSONEL VERISI DEGILDIR
TST00007,Ali,Kaya,Ali Kaya,ali.kaya.00007@example.gov.tr,1988-10-08,2021-07-27,Kurumsal Iletisim,Memur,Temizlik,1,SAHTE TEST VERISI - GERCEK PERSONEL VERISI DEGILDIR
TST00008,Can,Celik,Can Celik,can.celik.00008@example.gov.tr,1986-02-27,2011-09-03,Egitim ve Performans,Grup Baskani,Teknik Personel,1,SAHTE TEST VERISI - GERCEK PERSONEL VERISI DEGILDIR
TST00009,Deniz,Dogan,Deniz Dogan,deniz.dogan.00009@example.gov.tr,1972-03-21,2023-05-08,Personel ve Destek Hizmetleri,Teknik Personel,Idari Personel,1,SAHTE TEST VERISI - GERCEK PERSONEL VERISI DEGILDIR
TST00010,Ayse,Yilmaz,Ayse Yilmaz,ayse.yilmaz.00010@example.gov.tr,1973-12-27,2014-10-10,Personel ve Destek Hizmetleri,Uzman,Idari Personel,1,SAHTE TEST VERISI - GERCEK PERSONEL VERISI DEGILDIR
TST00011,Fatma,Sahin,Fatma Sahin,fatma.sahin.00011@example.gov.tr,1987-09-03,2022-07-20,Kurumsal Iletisim,Koordinator,Deneme Sureli Personel,1,SAHTE TEST VERISI - GERCEK PERSONEL VERISI DEGILDIR
TST00012,Elif,Arslan,Elif Arslan,elif.arslan.00012@example.gov.tr,1988-01-26,2020-03-16,Egitim ve Performans,Uzman,Diger,1,SAHTE TEST VERISI - GERCEK PERSONEL VERISI DEGILDIR
TST00013,Zeynep,Ozkan,Zeynep Ozkan,zeynep.ozkan.00013@example.gov.tr,1994-08-24,2022-11-22,Kurumsal Iletisim,Memur,Guvenlik,1,SAHTE TEST VERISI - GERCEK PERSONEL VERISI DEGILDIR
TST00014,Mehmet,Demir,Mehmet Demir,mehmet.demir.00014@example.gov.tr,1973-05-09,2015-07-14,Bilgi Teknolojileri,Koordinator,Diger,1,SAHTE TEST VERISI - GERCEK PERSONEL VERISI DEGILDIR
TST00015,Ahmet,Aydin,Ahmet Aydin,ahmet.aydin.00015@example.gov.tr,1995-11-02,2017-07-01,Idari Isler,Isci,Deneme Sureli Personel,1,SAHTE TEST VERISI - GERCEK PERSONEL VERISI DEGILDIR
TST00016,Mustafa,Kilic,Mustafa Kilic,mustafa.kilic.00016@example.gov.tr,1993-09-17,2011-01-10,Idari Isler,Memur,Diger,1,SAHTE TEST VERISI - GERCEK PERSONEL VERISI DEGILDIR
TST00017,Ali,Kaya,Ali Kaya,ali.kaya.00017@example.gov.tr,1995-02-20,2015-05-30,Idari Isler,Memur,Guvenlik,1,SAHTE TEST VERISI - GERCEK PERSONEL VERISI DEGILDIR
TST00018,Can,Celik,Can Celik,can.celik.00018@example.gov.tr,1973-05-08,2014-01-22,Idari Isler,Koordinator,Idari Personel,1,SAHTE TEST VERISI - GERCEK PERSONEL VERISI DEGILDIR
TST00019,Deniz,Dogan,Deniz Dogan,deniz.dogan.00019@example.gov.tr,1970-08-15,2015-02-10,Kurumsal Iletisim,Teknik Personel,Temizlik,1,SAHTE TEST VERISI - GERCEK PERSONEL VERISI DEGILDIR
TST00020,Ayse,Yilmaz,Ayse Yilmaz,ayse.yilmaz.00020@example.gov.tr,1987-01-16,2015-02-05,Bilgi Teknolojileri,Koordinator,Deneme Sureli Personel,1,SAHTE TEST VERISI - GERCEK PERSONEL VERISI DEGILDIR
TST00021,Fatma,Sahin,Fatma Sahin,fatma.sahin.00021@example.gov.tr,1998-01-18,2013-10-09,Personel ve Destek Hizmetleri,Koordinator,Guvenlik,1,SAHTE TEST VERISI - GERCEK PERSONEL VERISI DEGILDIR
TST00022,Elif,Arslan,Elif Arslan,elif.arslan.00022@example.gov.tr,1990-04-03,2013-10-12,Egitim ve Performans,Isci,Temizlik,1,SAHTE TEST VERISI - GERCEK PERSONEL VERISI DEGILDIR
TST00023,Zeynep,Ozkan,Zeynep Ozkan,zeynep.ozkan.00023@example.gov.tr,1976-01-28,2016-08-09,Bilgi Teknolojileri,Grup Baskani,Temizlik,1,SAHTE TEST VERISI - GERCEK PERSONEL VERISI DEGILDIR
TST00024,Mehmet,Demir,Mehmet Demir,mehmet.demir.00024@example.gov.tr,1975-08-01,2019-09-18,Egitim ve Performans,Koordinator,Idari Personel,1,SAHTE TEST VERISI - GERCEK PERSONEL VERISI DEGILDIR
TST00025,Ahmet,Aydin,Ahmet Aydin,ahmet.aydin.00025@example.gov.tr,1973-06-02,2026-09-15,Kurumsal Iletisim,Memur,Diger,1,SAHTE TEST VERISI - GERCEK PERSONEL VERISI DEGILDIR
TST00026,Mustafa,Kilic,Mustafa Kilic,mustafa.kilic.00026@example.gov.tr,1975-12-19,2026-03-04,Kurumsal Iletisim,Teknik Personel,Guvenlik,1,SAHTE TEST VERISI - GERCEK PERSONEL VERISI DEGILDIR
TST00027,Ali,Kaya,Ali Kaya,ali.kaya.00027@example.gov.tr,1999-07-18,2020-04-20,Kurumsal Iletisim,Teknik Personel,Idari Personel,1,SAHTE TEST VERISI - GERCEK PERSONEL VERISI DEGILDIR
TST00028,Can,Celik,Can Celik,can.celik.00028@example.gov.tr,1983-02-09,2026-12-03,Kurumsal Iletisim,Koordinator,Diger,1,SAHTE TEST VERISI - GERCEK PERSONEL VERISI DEGILDIR
TST00029,Deniz,Dogan,Deniz Dogan,deniz.dogan.00029@example.gov.tr,1994-12-30,2010-03-30,Idari Isler,Koordinator,Deneme Sureli Personel,1,SAHTE TEST VERISI - GERCEK PERSONEL VERISI DEGILDIR
TST00030,Ayse,Yilmaz,Ayse Yilmaz,ayse.yilmaz.00030@example.gov.tr,1971-01-25,2024-08-12,Idari Isler,Grup Baskani,Teknik Personel,1,SAHTE TEST VERISI - GERCEK PERSONEL VERISI DEGILDIR
TST00031,Fatma,Sahin,Fatma Sahin,fatma.sahin.00031@example.gov.tr,1995-08-04,2013-03-16,Idari Isler,Isci,Temizlik,1,SAHTE TEST VERISI - GERCEK PERSONEL VERISI DEGILDIR
TST00032,Elif,Arslan,Elif Arslan,elif.arslan.00032@example.gov.tr,1982-02-16,2017-04-13,Bilgi Teknolojileri,Teknik Personel,Deneme Sureli Personel,1,SAHTE TEST VERISI - GERCEK PERSONEL VERISI DEGILDIR
TST00033,Zeynep,Ozkan,Zeynep Ozkan,zeynep.ozkan.00033@example.gov.tr,1995-11-27,2021-01-12,Personel ve Destek Hizmetleri,Grup Baskani,Temizlik,1,SAHTE TEST VERISI - GERCEK PERSONEL VERISI DEGILDIR
TST00034,Mehmet,Demir,Mehmet Demir,mehmet.demir.00034@example.gov.tr,1992-12-26,2008-08-15,Egitim ve Performans,Uzman,Deneme Sureli Personel,1,SAHTE TEST VERISI - GERCEK PERSONEL VERISI DEGILDIR
TST00035,Ahmet,Aydin,Ahmet Aydin,ahmet.aydin.00035@example.gov.tr,1970-03-15,2014-07-11,Personel ve Destek Hizmetleri,Teknik Personel,Temizlik,1,SAHTE TEST VERISI - GERCEK PERSONEL VERISI DEGILDIR
TST00036,Mustafa,Kilic,Mustafa Kilic,mustafa.kilic.00036@example.gov.tr,2001-04-16,2014-11-09,Idari Isler,Isci,Teknik Personel,1,SAHTE TEST VERISI - GERCEK PERSONEL VERISI DEGILDIR
TST00037,Ali,Kaya,Ali Kaya,ali.kaya.00037@example.gov.tr,1991-04-28,2020-10-23,Bilgi Teknolojileri,Isci,Temizlik,1,SAHTE TEST VERISI - GERCEK PERSONEL VERISI DEGILDIR
TST00038,Can,Celik,Can Celik,can.celik.00038@example.gov.tr,1991-06-06,2008-03-04,Egitim ve Performans,Memur,Diger,1,SAHTE TEST VERISI - GERCEK PERSONEL VERISI DEGILDIR
TST00039,Deniz,Dogan,Deniz Dogan,deniz.dogan.00039@example.gov.tr,1974-09-14,2014-12-06,Kurumsal Iletisim,Uzman,Diger,1,SAHTE TEST VERISI - GERCEK PERSONEL VERISI DEGILDIR
TST00040,Ayse,Yilmaz,Ayse Yilmaz,ayse.yilmaz.00040@example.gov.tr,1978-08-18,2015-11-18,Personel ve Destek Hizmetleri,Grup Baskani,Guvenlik,1,SAHTE TEST VERISI - GERCEK PERSONEL VERISI DEGILDIR
TST00041,Fatma,Sahin,Fatma Sahin,fatma.sahin.00041@example.gov.tr,1997-02-24,2011-08-10,Idari Isler,Memur,Idari Personel,1,SAHTE TEST VERISI - GERCEK PERSONEL VERISI DEGILDIR
TST00042,Elif,Arslan,Elif Arslan,elif.arslan.00042@example.gov.tr,1975-04-07,2026-06-03,Egitim ve Performans,Koordinator,Diger,1,SAHTE TEST VERISI - GERCEK PERSONEL VERISI DEGILDIR
TST00043,Zeynep,Ozkan,Zeynep Ozkan,zeynep.ozkan.00043@example.gov.tr,1986-07-18,2009-09-29,Egitim ve Performans,Grup Baskani,Diger,1,SAHTE TEST VERISI - GERCEK PERSONEL VERISI DEGILDIR
TST00044,Mehmet,Demir,Mehmet Demir,mehmet.demir.00044@example.gov.tr,1990-11-08,2015-05-23,Bilgi Teknolojileri,Uzman,Idari Personel,1,SAHTE TEST VERISI - GERCEK PERSONEL VERISI DEGILDIR
TST00045,Ahmet,Aydin,Ahmet Aydin,ahmet.aydin.00045@example.gov.tr,1980-05-02,2014-10-08,Kurumsal Iletisim,Teknik Personel,Teknik Personel,1,SAHTE TEST VERISI - GERCEK PERSONEL VERISI DEGILDIR
TST00046,Mustafa,Kilic,Mustafa Kilic,mustafa.kilic.00046@example.gov.tr,1974-02-16,2014-11-07,Kurumsal Iletisim,Memur,Idari Personel,1,SAHTE TEST VERISI - GERCEK PERSONEL VERISI DEGILDIR
TST00047,Ali,Kaya,Ali Kaya,ali.kaya.00047@example.gov.tr,1990-04-23,2019-12-07,Personel ve Destek Hizmetleri,Teknik Personel,Idari Personel,1,SAHTE TEST VERISI - GERCEK PERSONEL VERISI DEGILDIR
TST00048,Can,Celik,Can Celik,can.celik.00048@example.gov.tr,1988-09-11,2016-06-06,Kurumsal Iletisim,Memur,Deneme Sureli Personel,1,SAHTE TEST VERISI - GERCEK PERSONEL VERISI DEGILDIR
TST00049,Deniz,Dogan,Deniz Dogan,deniz.dogan.00049@example.gov.tr,1976-05-20,2017-12-21,Bilgi Teknolojileri,Grup Baskani,Deneme Sureli Personel,1,SAHTE TEST VERISI - GERCEK PERSONEL VERISI DEGILDIR
TST00050,Ayse,Yilmaz,Ayse Yilmaz,ayse.yilmaz.00050@example.gov.tr,1996-12-14,2025-09-14,Egitim ve Performans,Koordinator,Diger,1,SAHTE TEST VERISI - GERCEK PERSONEL VERISI DEGILDIR
TST00051,Fatma,Sahin,Fatma Sahin,fatma.sahin.00051@example.gov.tr,2001-04-28,2012-10-31,Personel ve Destek Hizmetleri,Memur,Deneme Sureli Personel,1,SAHTE TEST VERISI - GERCEK PERSONEL VERISI DEGILDIR
TST00052,Elif,Arslan,Elif Arslan,elif.arslan.00052@example.gov.tr,1998-08-01,2009-06-24,Idari Isler,Uzman,Guvenlik,1,SAHTE TEST VERISI - GERCEK PERSONEL VERISI DEGILDIR
TST00053,Zeynep,Ozkan,Zeynep Ozkan,zeynep.ozkan.00053@example.gov.tr,1998-11-27,2014-05-07,Kurumsal Iletisim,Uzman,Deneme Sureli Personel,1,SAHTE TEST VERISI - GERCEK PERSONEL VERISI DEGILDIR
TST00054,Mehmet,Demir,Mehmet Demir,mehmet.demir.00054@example.gov.tr,1996-02-26,2018-08-17,Bilgi Teknolojileri,Koordinator,Teknik Personel,1,SAHTE TEST VERISI - GERCEK PERSONEL VERISI DEGILDIR
TST00055,Ahmet,Aydin,Ahmet Aydin,ahmet.aydin.00055@example.gov.tr,1979-12-19,2019-01-04,Bilgi Teknolojileri,Teknik Personel,Diger,1,SAHTE TEST VERISI - GERCEK PERSONEL VERISI DEGILDIR
TST00056,Mustafa,Kilic,Mustafa Kilic,mustafa.kilic.00056@example.gov.tr,1978-12-18,2011-10-30,Egitim ve Performans,Grup Baskani,Deneme Sureli Personel,1,SAHTE TEST VERISI - GERCEK PERSONEL VERISI DEGILDIR
TST00057,Ali,Kaya,Ali Kaya,ali.kaya.00057@example.gov.tr,2001-06-02,2024-10-10,Personel ve Destek Hizmetleri,Teknik Personel,Idari Personel,1,SAHTE TEST VERISI - GERCEK PERSONEL VERISI DEGILDIR
TST00058,Can,Celik,Can Celik,can.celik.00058@example.gov.tr,1973-08-20,2012-08-04,Egitim ve Performans,Uzman,Temizlik,1,SAHTE TEST VERISI - GERCEK PERSONEL VERISI DEGILDIR
TST00059,Deniz,Dogan,Deniz Dogan,deniz.dogan.00059@example.gov.tr,2001-05-18,2026-03-05,Bilgi Teknolojileri,Isci,Teknik Personel,1,SAHTE TEST VERISI - GERCEK PERSONEL VERISI DEGILDIR
TST00060,Ayse,Yilmaz,Ayse Yilmaz,ayse.yilmaz.00060@example.gov.tr,1989-04-21,2016-09-09,Idari Isler,Grup Baskani,Teknik Personel,1,SAHTE TEST VERISI - GERCEK PERSONEL VERISI DEGILDIR
TST00061,Fatma,Sahin,Fatma Sahin,fatma.sahin.00061@example.gov.tr,1979-06-11,2024-02-06,Idari Isler,Isci,Diger,1,SAHTE TEST VERISI - GERCEK PERSONEL VERISI DEGILDIR
TST00062,Elif,Arslan,Elif Arslan,elif.arslan.00062@example.gov.tr,1972-04-27,2009-12-10,Egitim ve Performans,Teknik Personel,Diger,1,SAHTE TEST VERISI - GERCEK PERSONEL VERISI DEGILDIR
TST00063,Zeynep,Ozkan,Zeynep Ozkan,zeynep.ozkan.00063@example.gov.tr,1970-11-07,2008-10-09,Idari Isler,Grup Baskani,Guvenlik,1,SAHTE TEST VERISI - GERCEK PERSONEL VERISI DEGILDIR
TST00064,Mehmet,Demir,Mehmet Demir,mehmet.demir.00064@example.gov.tr,1996-07-13,2022-04-02,Bilgi Teknolojileri,Teknik Personel,Diger,1,SAHTE TEST VERISI - GERCEK PERSONEL VERISI DEGILDIR
TST00065,Ahmet,Aydin,Ahmet Aydin,ahmet.aydin.00065@example.gov.tr,1981-02-23,2017-03-05,Kurumsal Iletisim,Teknik Personel,Deneme Sureli Personel,1,SAHTE TEST VERISI - GERCEK PERSONEL VERISI DEGILDIR
TST00066,Mustafa,Kilic,Mustafa Kilic,mustafa.kilic.00066@example.gov.tr,2000-11-27,2010-07-19,Idari Isler,Koordinator,Teknik Personel,1,SAHTE TEST VERISI - GERCEK PERSONEL VERISI DEGILDIR
TST00067,Ali,Kaya,Ali Kaya,ali.kaya.00067@example.gov.tr,1974-12-09,2012-03-19,Idari Isler,Koordinator,Teknik Personel,1,SAHTE TEST VERISI - GERCEK PERSONEL VERISI DEGILDIR
TST00068,Can,Celik,Can Celik,can.celik.00068@example.gov.tr,2002-08-17,2008-11-17,Idari Isler,Isci,Teknik Personel,1,SAHTE TEST VERISI - GERCEK PERSONEL VERISI DEGILDIR
TST00069,Deniz,Dogan,Deniz Dogan,deniz.dogan.00069@example.gov.tr,2000-06-27,2018-01-20,Kurumsal Iletisim,Memur,Temizlik,1,SAHTE TEST VERISI - GERCEK PERSONEL VERISI DEGILDIR
TST00070,Ayse,Yilmaz,Ayse Yilmaz,ayse.yilmaz.00070@example.gov.tr,1980-09-14,2008-03-26,Kurumsal Iletisim,Memur,Temizlik,1,SAHTE TEST VERISI - GERCEK PERSONEL VERISI DEGILDIR
TST00071,Fatma,Sahin,Fatma Sahin,fatma.sahin.00071@example.gov.tr,1993-04-11,2023-05-21,Idari Isler,Koordinator,Deneme Sureli Personel,1,SAHTE TEST VERISI - GERCEK PERSONEL VERISI DEGILDIR
TST00072,Elif,Arslan,Elif Arslan,elif.arslan.00072@example.gov.tr,1994-07-15,2023-01-19,Kurumsal Iletisim,Teknik Personel,Diger,1,SAHTE TEST VERISI - GERCEK PERSONEL VERISI DEGILDIR
TST00073,Zeynep,Ozkan,Zeynep Ozkan,zeynep.ozkan.00073@example.gov.tr,1973-12-26,2009-08-18,Idari Isler,Memur,Guvenlik,1,SAHTE TEST VERISI - GERCEK PERSONEL VERISI DEGILDIR
TST00074,Mehmet,Demir,Mehmet Demir,mehmet.demir.00074@example.gov.tr,1986-10-31,2023-10-06,Idari Isler,Memur,Temizlik,1,SAHTE TEST VERISI - GERCEK PERSONEL VERISI DEGILDIR
TST00075,Ahmet,Aydin,Ahmet Aydin,ahmet.aydin.00075@example.gov.tr,1983-08-07,2016-10-03,Personel ve Destek Hizmetleri,Teknik Personel,Deneme Sureli Personel,1,SAHTE TEST VERISI - GERCEK PERSONEL VERISI DEGILDIR
TST00076,Mustafa,Kilic,Mustafa Kilic,mustafa.kilic.00076@example.gov.tr,1982-09-17,2021-02-08,Idari Isler,Grup Baskani,Deneme Sureli Personel,1,SAHTE TEST VERISI - GERCEK PERSONEL VERISI DEGILDIR
TST00077,Ali,Kaya,Ali Kaya,ali.kaya.00077@example.gov.tr,1980-12-19,2017-05-22,Personel ve Destek Hizmetleri,Isci,Idari Personel,1,SAHTE TEST VERISI - GERCEK PERSONEL VERISI DEGILDIR
TST00078,Can,Celik,Can Celik,can.celik.00078@example.gov.tr,1974-10-19,2025-01-31,Bilgi Teknolojileri,Uzman,Diger,1,SAHTE TEST VERISI - GERCEK PERSONEL VERISI DEGILDIR
TST00079,Deniz,Dogan,Deniz Dogan,deniz.dogan.00079@example.gov.tr,1978-04-20,2012-10-08,Kurumsal Iletisim,Koordinator,Temizlik,1,SAHTE TEST VERISI - GERCEK PERSONEL VERISI DEGILDIR
TST00080,Ayse,Yilmaz,Ayse Yilmaz,ayse.yilmaz.00080@example.gov.tr,1992-11-06,2010-02-12,Personel ve Destek Hizmetleri,Uzman,Diger,1,SAHTE TEST VERISI - GERCEK PERSONEL VERISI DEGILDIR
TST00081,Fatma,Sahin,Fatma Sahin,fatma.sahin.00081@example.gov.tr,1985-10-09,2018-04-29,Egitim ve Performans,Teknik Personel,Guvenlik,1,SAHTE TEST VERISI - GERCEK PERSONEL VERISI DEGILDIR
TST00082,Elif,Arslan,Elif Arslan,elif.arslan.00082@example.gov.tr,1984-10-05,2025-10-31,Kurumsal Iletisim,Memur,Teknik Personel,1,SAHTE TEST VERISI - GERCEK PERSONEL VERISI DEGILDIR
TST00083,Zeynep,Ozkan,Zeynep Ozkan,zeynep.ozkan.00083@example.gov.tr,1982-05-09,2009-05-07,Bilgi Teknolojileri,Koordinator,Guvenlik,1,SAHTE TEST VERISI - GERCEK PERSONEL VERISI DEGILDIR
TST00084,Mehmet,Demir,Mehmet Demir,mehmet.demir.00084@example.gov.tr,2000-09-05,2011-08-03,Kurumsal Iletisim,Teknik Personel,Deneme Sureli Personel,1,SAHTE TEST VERISI - GERCEK PERSONEL VERISI DEGILDIR
TST00085,Ahmet,Aydin,Ahmet Aydin,ahmet.aydin.00085@example.gov.tr,2001-11-27,2010-05-23,Personel ve Destek Hizmetleri,Memur,Teknik Personel,1,SAHTE TEST VERISI - GERCEK PERSONEL VERISI DEGILDIR
TST00086,Mustafa,Kilic,Mustafa Kilic,mustafa.kilic.00086@example.gov.tr,1987-05-19,2012-08-02,Bilgi Teknolojileri,Memur,Temizlik,1,SAHTE TEST VERISI - GERCEK PERSONEL VERISI DEGILDIR
TST00087,Ali,Kaya,Ali Kaya,ali.kaya.00087@example.gov.tr,1971-06-24,2016-12-12,Bilgi Teknolojileri,Koordinator,Deneme Sureli Personel,1,SAHTE TEST VERISI - GERCEK PERSONEL VERISI DEGILDIR
TST00088,Can,Celik,Can Celik,can.celik.00088@example.gov.tr,1991-09-21,2024-06-06,Kurumsal Iletisim,Grup Baskani,Guvenlik,1,SAHTE TEST VERISI - GERCEK PERSONEL VERISI DEGILDIR
TST00089,Deniz,Dogan,Deniz Dogan,deniz.dogan.00089@example.gov.tr,1970-11-23,2017-12-21,Egitim ve Performans,Isci,Temizlik,1,SAHTE TEST VERISI - GERCEK PERSONEL VERISI DEGILDIR
TST00090,Ayse,Yilmaz,Ayse Yilmaz,ayse.yilmaz.00090@example.gov.tr,2001-03-03,2018-07-17,Kurumsal Iletisim,Isci,Teknik Personel,1,SAHTE TEST VERISI - GERCEK PERSONEL VERISI DEGILDIR
TST00091,Fatma,Sahin,Fatma Sahin,fatma.sahin.00091@example.gov.tr,2002-08-31,2015-12-31,Kurumsal Iletisim,Grup Baskani,Guvenlik,1,SAHTE TEST VERISI - GERCEK PERSONEL VERISI DEGILDIR
TST00092,Elif,Arslan,Elif Arslan,elif.arslan.00092@example.gov.tr,1982-09-11,2026-01-25,Egitim ve Performans,Grup Baskani,Guvenlik,1,SAHTE TEST VERISI - GERCEK PERSONEL VERISI DEGILDIR
TST00093,Zeynep,Ozkan,Zeynep Ozkan,zeynep.ozkan.00093@example.gov.tr,1976-09-23,2022-12-16,Idari Isler,Uzman,Guvenlik,1,SAHTE TEST VERISI - GERCEK PERSONEL VERISI DEGILDIR
TST00094,Mehmet,Demir,Mehmet Demir,mehmet.demir.00094@example.gov.tr,1976-01-04,2013-08-23,Idari Isler,Teknik Personel,Temizlik,1,SAHTE TEST VERISI - GERCEK PERSONEL VERISI DEGILDIR
TST00095,Ahmet,Aydin,Ahmet Aydin,ahmet.aydin.00095@example.gov.tr,1979-12-08,2008-03-30,Kurumsal Iletisim,Grup Baskani,Temizlik,1,SAHTE TEST VERISI - GERCEK PERSONEL VERISI DEGILDIR
TST00096,Mustafa,Kilic,Mustafa Kilic,mustafa.kilic.00096@example.gov.tr,1981-07-27,2014-05-13,Bilgi Teknolojileri,Memur,Guvenlik,1,SAHTE TEST VERISI - GERCEK PERSONEL VERISI DEGILDIR
TST00097,Ali,Kaya,Ali Kaya,ali.kaya.00097@example.gov.tr,1981-03-16,2026-03-20,Bilgi Teknolojileri,Memur,Teknik Personel,1,SAHTE TEST VERISI - GERCEK PERSONEL VERISI DEGILDIR
TST00098,Can,Celik,Can Celik,can.celik.00098@example.gov.tr,1990-01-24,2015-03-18,Bilgi Teknolojileri,Grup Baskani,Teknik Personel,1,SAHTE TEST VERISI - GERCEK PERSONEL VERISI DEGILDIR
TST00099,Deniz,Dogan,Deniz Dogan,deniz.dogan.00099@example.gov.tr,1999-03-17,2022-10-19,Kurumsal Iletisim,Grup Baskani,Guvenlik,1,SAHTE TEST VERISI - GERCEK PERSONEL VERISI DEGILDIR
TST00100,Ayse,Yilmaz,Ayse Yilmaz,ayse.yilmaz.00100@example.gov.tr,1984-06-27,2024-09-30,Personel ve Destek Hizmetleri,Uzman,Idari Personel,1,SAHTE TEST VERISI - GERCEK PERSONEL VERISI DEGILDIR
TST00101,Fatma,Sahin,Fatma Sahin,fatma.sahin.00101@example.gov.tr,1995-12-18,2024-09-04,Bilgi Teknolojileri,Grup Baskani,Idari Personel,1,SAHTE TEST VERISI - GERCEK PERSONEL VERISI DEGILDIR
TST00102,Elif,Arslan,Elif Arslan,elif.arslan.00102@example.gov.tr,1970-05-05,2014-07-03,Personel ve Destek Hizmetleri,Teknik Personel,Deneme Sureli Personel,1,SAHTE TEST VERISI - GERCEK PERSONEL VERISI DEGILDIR
TST00103,Zeynep,Ozkan,Zeynep Ozkan,zeynep.ozkan.00103@example.gov.tr,1994-03-08,2016-09-04,Egitim ve Performans,Grup Baskani,Diger,1,SAHTE TEST VERISI - GERCEK PERSONEL VERISI DEGILDIR
TST00104,Mehmet,Demir,Mehmet Demir,mehmet.demir.00104@example.gov.tr,1972-12-21,2019-05-29,Kurumsal Iletisim,Isci,Guvenlik,1,SAHTE TEST VERISI - GERCEK PERSONEL VERISI DEGILDIR
TST00105,Ahmet,Aydin,Ahmet Aydin,ahmet.aydin.00105@example.gov.tr,1998-12-25,2009-11-27,Bilgi Teknolojileri,Teknik Personel,Temizlik,1,SAHTE TEST VERISI - GERCEK PERSONEL VERISI DEGILDIR
TST00106,Mustafa,Kilic,Mustafa Kilic,mustafa.kilic.00106@example.gov.tr,1994-10-29,2018-04-10,Egitim ve Performans,Koordinator,Deneme Sureli Personel,1,SAHTE TEST VERISI - GERCEK PERSONEL VERISI DEGILDIR
TST00107,Ali,Kaya,Ali Kaya,ali.kaya.00107@example.gov.tr,1988-12-01,2019-10-25,Idari Isler,Teknik Personel,Deneme Sureli Personel,1,SAHTE TEST VERISI - GERCEK PERSONEL VERISI DEGILDIR
TST00108,Can,Celik,Can Celik,can.celik.00108@example.gov.tr,1995-09-24,2020-11-06,Kurumsal Iletisim,Teknik Personel,Idari Personel,1,SAHTE TEST VERISI - GERCEK PERSONEL VERISI DEGILDIR
TST00109,Deniz,Dogan,Deniz Dogan,deniz.dogan.00109@example.gov.tr,1992-09-25,2016-04-28,Bilgi Teknolojileri,Uzman,Idari Personel,1,SAHTE TEST VERISI - GERCEK PERSONEL VERISI DEGILDIR
TST00110,Ayse,Yilmaz,Ayse Yilmaz,ayse.yilmaz.00110@example.gov.tr,1989-10-24,2012-07-09,Personel ve Destek Hizmetleri,Grup Baskani,Teknik Personel,1,SAHTE TEST VERISI - GERCEK PERSONEL VERISI DEGILDIR
TST00111,Fatma,Sahin,Fatma Sahin,fatma.sahin.00111@example.gov.tr,1992-03-25,2023-06-22,Egitim ve Performans,Teknik Personel,Diger,1,SAHTE TEST VERISI - GERCEK PERSONEL VERISI DEGILDIR
TST00112,Elif,Arslan,Elif Arslan,elif.arslan.00112@example.gov.tr,1973-01-19,2014-03-21,Egitim ve Performans,Uzman,Idari Personel,1,SAHTE TEST VERISI - GERCEK PERSONEL VERISI DEGILDIR
TST00113,Zeynep,Ozkan,Zeynep Ozkan,zeynep.ozkan.00113@example.gov.tr,1997-08-06,2018-06-01,Personel ve Destek Hizmetleri,Koordinator,Guvenlik,1,SAHTE TEST VERISI - GERCEK PERSONEL VERISI DEGILDIR
TST00114,Mehmet,Demir,Mehmet Demir,mehmet.demir.00114@example.gov.tr,1995-06-01,2013-11-29,Kurumsal Iletisim,Uzman,Temizlik,1,SAHTE TEST VERISI - GERCEK PERSONEL VERISI DEGILDIR
TST00115,Ahmet,Aydin,Ahmet Aydin,ahmet.aydin.00115@example.gov.tr,1991-07-07,2022-12-10,Personel ve Destek Hizmetleri,Uzman,Idari Personel,1,SAHTE TEST VERISI - GERCEK PERSONEL VERISI DEGILDIR
TST00116,Mustafa,Kilic,Mustafa Kilic,mustafa.kilic.00116@example.gov.tr,1981-03-15,2025-03-13,Idari Isler,Teknik Personel,Temizlik,1,SAHTE TEST VERISI - GERCEK PERSONEL VERISI DEGILDIR
TST00117,Ali,Kaya,Ali Kaya,ali.kaya.00117@example.gov.tr,1984-09-23,2020-09-18,Personel ve Destek Hizmetleri,Uzman,Temizlik,1,SAHTE TEST VERISI - GERCEK PERSONEL VERISI DEGILDIR
TST00118,Can,Celik,Can Celik,can.celik.00118@example.gov.tr,1991-10-21,2024-08-26,Idari Isler,Teknik Personel,Diger,1,SAHTE TEST VERISI - GERCEK PERSONEL VERISI DEGILDIR
TST00119,Deniz,Dogan,Deniz Dogan,deniz.dogan.00119@example.gov.tr,1973-08-02,2024-08-25,Bilgi Teknolojileri,Isci,Diger,1,SAHTE TEST VERISI - GERCEK PERSONEL VERISI DEGILDIR
TST00120,Ayse,Yilmaz,Ayse Yilmaz,ayse.yilmaz.00120@example.gov.tr,1974-06-19,2025-03-06,Personel ve Destek Hizmetleri,Teknik Personel,Diger,1,SAHTE TEST VERISI - GERCEK PERSONEL VERISI DEGILDIR
TST00121,Fatma,Sahin,Fatma Sahin,fatma.sahin.00121@example.gov.tr,1981-05-02,2023-08-13,Kurumsal Iletisim,Memur,Deneme Sureli Personel,1,SAHTE TEST VERISI - GERCEK PERSONEL VERISI DEGILDIR
TST00122,Elif,Arslan,Elif Arslan,elif.arslan.00122@example.gov.tr,1986-07-16,2017-07-30,Personel ve Destek Hizmetleri,Grup Baskani,Temizlik,1,SAHTE TEST VERISI - GERCEK PERSONEL VERISI DEGILDIR
TST00123,Zeynep,Ozkan,Zeynep Ozkan,zeynep.ozkan.00123@example.gov.tr,1972-10-29,2014-03-18,Personel ve Destek Hizmetleri,Teknik Personel,Diger,1,SAHTE TEST VERISI - GERCEK PERSONEL VERISI DEGILDIR
TST00124,Mehmet,Demir,Mehmet Demir,mehmet.demir.00124@example.gov.tr,1973-04-13,2016-07-05,Egitim ve Performans,Memur,Deneme Sureli Personel,1,SAHTE TEST VERISI - GERCEK PERSONEL VERISI DEGILDIR
TST00125,Ahmet,Aydin,Ahmet Aydin,ahmet.aydin.00125@example.gov.tr,1983-05-30,2019-06-09,Bilgi Teknolojileri,Uzman,Teknik Personel,1,SAHTE TEST VERISI - GERCEK PERSONEL VERISI DEGILDIR
TST00126,Mustafa,Kilic,Mustafa Kilic,mustafa.kilic.00126@example.gov.tr,1985-02-07,2012-07-10,Personel ve Destek Hizmetleri,Koordinator,Diger,1,SAHTE TEST VERISI - GERCEK PERSONEL VERISI DEGILDIR
TST00127,Ali,Kaya,Ali Kaya,ali.kaya.00127@example.gov.tr,2000-12-31,2015-09-07,Personel ve Destek Hizmetleri,Uzman,Teknik Personel,1,SAHTE TEST VERISI - GERCEK PERSONEL VERISI DEGILDIR
TST00128,Can,Celik,Can Celik,can.celik.00128@example.gov.tr,1976-09-09,2016-07-20,Egitim ve Performans,Uzman,Teknik Personel,1,SAHTE TEST VERISI - GERCEK PERSONEL VERISI DEGILDIR
TST00129,Deniz,Dogan,Deniz Dogan,deniz.dogan.00129@example.gov.tr,1993-03-30,2008-03-29,Bilgi Teknolojileri,Teknik Personel,Temizlik,1,SAHTE TEST VERISI - GERCEK PERSONEL VERISI DEGILDIR
TST00130,Ayse,Yilmaz,Ayse Yilmaz,ayse.yilmaz.00130@example.gov.tr,1977-06-05,2019-12-02,Kurumsal Iletisim,Uzman,Guvenlik,1,SAHTE TEST VERISI - GERCEK PERSONEL VERISI DEGILDIR
TST00131,Fatma,Sahin,Fatma Sahin,fatma.sahin.00131@example.gov.tr,2002-12-10,2012-01-23,Personel ve Destek Hizmetleri,Koordinator,Diger,1,SAHTE TEST VERISI - GERCEK PERSONEL VERISI DEGILDIR
TST00132,Elif,Arslan,Elif Arslan,elif.arslan.00132@example.gov.tr,1974-10-06,2012-08-30,Egitim ve Performans,Koordinator,Temizlik,1,SAHTE TEST VERISI - GERCEK PERSONEL VERISI DEGILDIR
TST00133,Zeynep,Ozkan,Zeynep Ozkan,zeynep.ozkan.00133@example.gov.tr,1971-11-04,2012-03-27,Egitim ve Performans,Memur,Diger,1,SAHTE TEST VERISI - GERCEK PERSONEL VERISI DEGILDIR
TST00134,Mehmet,Demir,Mehmet Demir,mehmet.demir.00134@example.gov.tr,1977-07-15,2008-10-01,Idari Isler,Memur,Teknik Personel,1,SAHTE TEST VERISI - GERCEK PERSONEL VERISI DEGILDIR
TST00135,Ahmet,Aydin,Ahmet Aydin,ahmet.aydin.00135@example.gov.tr,1994-03-03,2023-08-13,Idari Isler,Memur,Guvenlik,1,SAHTE TEST VERISI - GERCEK PERSONEL VERISI DEGILDIR
TST00136,Mustafa,Kilic,Mustafa Kilic,mustafa.kilic.00136@example.gov.tr,1970-02-22,2015-02-14,Personel ve Destek Hizmetleri,Koordinator,Teknik Personel,1,SAHTE TEST VERISI - GERCEK PERSONEL VERISI DEGILDIR
TST00137,Ali,Kaya,Ali Kaya,ali.kaya.00137@example.gov.tr,1980-12-30,2012-08-27,Kurumsal Iletisim,Teknik Personel,Temizlik,1,SAHTE TEST VERISI - GERCEK PERSONEL VERISI DEGILDIR
TST00138,Can,Celik,Can Celik,can.celik.00138@example.gov.tr,1997-01-15,2026-11-11,Idari Isler,Grup Baskani,Guvenlik,1,SAHTE TEST VERISI - GERCEK PERSONEL VERISI DEGILDIR
TST00139,Deniz,Dogan,Deniz Dogan,deniz.dogan.00139@example.gov.tr,1971-07-24,2023-09-08,Egitim ve Performans,Isci,Teknik Personel,1,SAHTE TEST VERISI - GERCEK PERSONEL VERISI DEGILDIR
TST00140,Ayse,Yilmaz,Ayse Yilmaz,ayse.yilmaz.00140@example.gov.tr,1973-03-03,2018-02-04,Personel ve Destek Hizmetleri,Grup Baskani,Idari Personel,1,SAHTE TEST VERISI - GERCEK PERSONEL VERISI DEGILDIR
TST00141,Fatma,Sahin,Fatma Sahin,fatma.sahin.00141@example.gov.tr,1981-10-17,2023-03-05,Personel ve Destek Hizmetleri,Koordinator,Diger,1,SAHTE TEST VERISI - GERCEK PERSONEL VERISI DEGILDIR
TST00142,Elif,Arslan,Elif Arslan,elif.arslan.00142@example.gov.tr,1976-11-02,2018-12-25,Idari Isler,Grup Baskani,Deneme Sureli Personel,1,SAHTE TEST VERISI - GERCEK PERSONEL VERISI DEGILDIR
TST00143,Zeynep,Ozkan,Zeynep Ozkan,zeynep.ozkan.00143@example.gov.tr,1998-02-08,2020-03-15,Idari Isler,Koordinator,Idari Personel,1,SAHTE TEST VERISI - GERCEK PERSONEL VERISI DEGILDIR
TST00144,Mehmet,Demir,Mehmet Demir,mehmet.demir.00144@example.gov.tr,2002-11-18,2018-03-31,Personel ve Destek Hizmetleri,Isci,Guvenlik,1,SAHTE TEST VERISI - GERCEK PERSONEL VERISI DEGILDIR
TST00145,Ahmet,Aydin,Ahmet Aydin,ahmet.aydin.00145@example.gov.tr,1972-04-22,2021-09-30,Kurumsal Iletisim,Isci,Temizlik,1,SAHTE TEST VERISI - GERCEK PERSONEL VERISI DEGILDIR
TST00146,Mustafa,Kilic,Mustafa Kilic,mustafa.kilic.00146@example.gov.tr,1970-01-29,2019-11-12,Personel ve Destek Hizmetleri,Memur,Deneme Sureli Personel,1,SAHTE TEST VERISI - GERCEK PERSONEL VERISI DEGILDIR
TST00147,Ali,Kaya,Ali Kaya,ali.kaya.00147@example.gov.tr,1998-05-19,2025-11-17,Egitim ve Performans,Teknik Personel,Temizlik,1,SAHTE TEST VERISI - GERCEK PERSONEL VERISI DEGILDIR
TST00148,Can,Celik,Can Celik,can.celik.00148@example.gov.tr,1977-07-15,2014-04-13,Bilgi Teknolojileri,Grup Baskani,Deneme Sureli Personel,1,SAHTE TEST VERISI - GERCEK PERSONEL VERISI DEGILDIR
TST00149,Deniz,Dogan,Deniz Dogan,deniz.dogan.00149@example.gov.tr,1979-06-12,2023-06-08,Idari Isler,Teknik Personel,Diger,1,SAHTE TEST VERISI - GERCEK PERSONEL VERISI DEGILDIR
TST00150,Ayse,Yilmaz,Ayse Yilmaz,ayse.yilmaz.00150@example.gov.tr,1996-08-03,2013-12-17,Kurumsal Iletisim,Koordinator,Temizlik,1,SAHTE TEST VERISI - GERCEK PERSONEL VERISI DEGILDIR
TST00151,Fatma,Sahin,Fatma Sahin,fatma.sahin.00151@example.gov.tr,1993-03-07,2026-12-10,Idari Isler,Koordinator,Deneme Sureli Personel,1,SAHTE TEST VERISI - GERCEK PERSONEL VERISI DEGILDIR
TST00152,Elif,Arslan,Elif Arslan,elif.arslan.00152@example.gov.tr,1983-04-17,2021-01-22,Kurumsal Iletisim,Memur,Guvenlik,1,SAHTE TEST VERISI - GERCEK PERSONEL VERISI DEGILDIR
TST00153,Zeynep,Ozkan,Zeynep Ozkan,zeynep.ozkan.00153@example.gov.tr,1994-03-29,2020-11-01,Idari Isler,Grup Baskani,Deneme Sureli Personel,1,SAHTE TEST VERISI - GERCEK PERSONEL VERISI DEGILDIR
TST00154,Mehmet,Demir,Mehmet Demir,mehmet.demir.00154@example.gov.tr,2000-02-01,2015-06-21,Personel ve Destek Hizmetleri,Koordinator,Idari Personel,1,SAHTE TEST VERISI - GERCEK PERSONEL VERISI DEGILDIR
TST00155,Ahmet,Aydin,Ahmet Aydin,ahmet.aydin.00155@example.gov.tr,1977-12-15,2025-08-21,Bilgi Teknolojileri,Teknik Personel,Idari Personel,1,SAHTE TEST VERISI - GERCEK PERSONEL VERISI DEGILDIR
TST00156,Mustafa,Kilic,Mustafa Kilic,mustafa.kilic.00156@example.gov.tr,1972-03-27,2009-09-28,Personel ve Destek Hizmetleri,Memur,Guvenlik,1,SAHTE TEST VERISI - GERCEK PERSONEL VERISI DEGILDIR
TST00157,Ali,Kaya,Ali Kaya,ali.kaya.00157@example.gov.tr,1991-04-16,2008-04-09,Personel ve Destek Hizmetleri,Koordinator,Temizlik,1,SAHTE TEST VERISI - GERCEK PERSONEL VERISI DEGILDIR
TST00158,Can,Celik,Can Celik,can.celik.00158@example.gov.tr,1998-01-18,2023-05-27,Bilgi Teknolojileri,Teknik Personel,Diger,1,SAHTE TEST VERISI - GERCEK PERSONEL VERISI DEGILDIR
TST00159,Deniz,Dogan,Deniz Dogan,deniz.dogan.00159@example.gov.tr,1991-12-28,2019-02-08,Bilgi Teknolojileri,Grup Baskani,Deneme Sureli Personel,1,SAHTE TEST VERISI - GERCEK PERSONEL VERISI DEGILDIR
TST00160,Ayse,Yilmaz,Ayse Yilmaz,ayse.yilmaz.00160@example.gov.tr,1986-06-07,2013-01-23,Kurumsal Iletisim,Grup Baskani,Idari Personel,1,SAHTE TEST VERISI - GERCEK PERSONEL VERISI DEGILDIR
TST00161,Fatma,Sahin,Fatma Sahin,fatma.sahin.00161@example.gov.tr,1978-05-10,2023-09-19,Idari Isler,Koordinator,Diger,1,SAHTE TEST VERISI - GERCEK PERSONEL VERISI DEGILDIR
TST00162,Elif,Arslan,Elif Arslan,elif.arslan.00162@example.gov.tr,1982-02-05,2015-11-26,Bilgi Teknolojileri,Uzman,Teknik Personel,1,SAHTE TEST VERISI - GERCEK PERSONEL VERISI DEGILDIR
TST00163,Zeynep,Ozkan,Zeynep Ozkan,zeynep.ozkan.00163@example.gov.tr,1997-09-25,2011-01-10,Personel ve Destek Hizmetleri,Grup Baskani,Guvenlik,1,SAHTE TEST VERISI - GERCEK PERSONEL VERISI DEGILDIR
TST00164,Mehmet,Demir,Mehmet Demir,mehmet.demir.00164@example.gov.tr,1972-02-21,2026-10-11,Kurumsal Iletisim,Uzman,Diger,1,SAHTE TEST VERISI - GERCEK PERSONEL VERISI DEGILDIR
TST00165,Ahmet,Aydin,Ahmet Aydin,ahmet.aydin.00165@example.gov.tr,1999-03-01,2013-12-12,Bilgi Teknolojileri,Koordinator,Temizlik,1,SAHTE TEST VERISI - GERCEK PERSONEL VERISI DEGILDIR
TST00166,Mustafa,Kilic,Mustafa Kilic,mustafa.kilic.00166@example.gov.tr,2002-01-09,2018-09-30,Kurumsal Iletisim,Memur,Deneme Sureli Personel,1,SAHTE TEST VERISI - GERCEK PERSONEL VERISI DEGILDIR
TST00167,Ali,Kaya,Ali Kaya,ali.kaya.00167@example.gov.tr,1999-08-24,2009-01-20,Egitim ve Performans,Koordinator,Idari Personel,1,SAHTE TEST VERISI - GERCEK PERSONEL VERISI DEGILDIR
TST00168,Can,Celik,Can Celik,can.celik.00168@example.gov.tr,1976-07-29,2024-10-08,Kurumsal Iletisim,Isci,Idari Personel,1,SAHTE TEST VERISI - GERCEK PERSONEL VERISI DEGILDIR
TST00169,Deniz,Dogan,Deniz Dogan,deniz.dogan.00169@example.gov.tr,1987-09-16,2022-06-18,Bilgi Teknolojileri,Uzman,Guvenlik,1,SAHTE TEST VERISI - GERCEK PERSONEL VERISI DEGILDIR
TST00170,Ayse,Yilmaz,Ayse Yilmaz,ayse.yilmaz.00170@example.gov.tr,1985-08-02,2024-01-06,Bilgi Teknolojileri,Isci,Diger,1,SAHTE TEST VERISI - GERCEK PERSONEL VERISI DEGILDIR
TST00171,Fatma,Sahin,Fatma Sahin,fatma.sahin.00171@example.gov.tr,1989-11-27,2026-11-27,Idari Isler,Teknik Personel,Teknik Personel,1,SAHTE TEST VERISI - GERCEK PERSONEL VERISI DEGILDIR
TST00172,Elif,Arslan,Elif Arslan,elif.arslan.00172@example.gov.tr,1988-09-04,2019-02-14,Kurumsal Iletisim,Grup Baskani,Deneme Sureli Personel,1,SAHTE TEST VERISI - GERCEK PERSONEL VERISI DEGILDIR
TST00173,Zeynep,Ozkan,Zeynep Ozkan,zeynep.ozkan.00173@example.gov.tr,1984-12-11,2018-07-04,Idari Isler,Koordinator,Guvenlik,1,SAHTE TEST VERISI - GERCEK PERSONEL VERISI DEGILDIR
TST00174,Mehmet,Demir,Mehmet Demir,mehmet.demir.00174@example.gov.tr,1984-08-30,2022-01-13,Personel ve Destek Hizmetleri,Grup Baskani,Guvenlik,1,SAHTE TEST VERISI - GERCEK PERSONEL VERISI DEGILDIR
TST00175,Ahmet,Aydin,Ahmet Aydin,ahmet.aydin.00175@example.gov.tr,1970-10-18,2024-08-29,Idari Isler,Isci,Deneme Sureli Personel,1,SAHTE TEST VERISI - GERCEK PERSONEL VERISI DEGILDIR
TST00176,Mustafa,Kilic,Mustafa Kilic,mustafa.kilic.00176@example.gov.tr,1983-06-09,2022-04-01,Egitim ve Performans,Grup Baskani,Teknik Personel,1,SAHTE TEST VERISI - GERCEK PERSONEL VERISI DEGILDIR
TST00177,Ali,Kaya,Ali Kaya,ali.kaya.00177@example.gov.tr,1977-04-21,2010-08-23,Egitim ve Performans,Teknik Personel,Guvenlik,1,SAHTE TEST VERISI - GERCEK PERSONEL VERISI DEGILDIR
TST00178,Can,Celik,Can Celik,can.celik.00178@example.gov.tr,1998-01-21,2009-06-14,Egitim ve Performans,Memur,Teknik Personel,1,SAHTE TEST VERISI - GERCEK PERSONEL VERISI DEGILDIR
TST00179,Deniz,Dogan,Deniz Dogan,deniz.dogan.00179@example.gov.tr,1976-08-27,2013-09-24,Kurumsal Iletisim,Koordinator,Diger,1,SAHTE TEST VERISI - GERCEK PERSONEL VERISI DEGILDIR
TST00180,Ayse,Yilmaz,Ayse Yilmaz,ayse.yilmaz.00180@example.gov.tr,2002-06-28,2015-04-02,Idari Isler,Teknik Personel,Temizlik,1,SAHTE TEST VERISI - GERCEK PERSONEL VERISI DEGILDIR
TST00181,Fatma,Sahin,Fatma Sahin,fatma.sahin.00181@example.gov.tr,1993-07-03,2026-11-27,Kurumsal Iletisim,Teknik Personel,Guvenlik,1,SAHTE TEST VERISI - GERCEK PERSONEL VERISI DEGILDIR
TST00182,Elif,Arslan,Elif Arslan,elif.arslan.00182@example.gov.tr,1972-09-21,2018-07-25,Egitim ve Performans,Teknik Personel,Diger,1,SAHTE TEST VERISI - GERCEK PERSONEL VERISI DEGILDIR
TST00183,Zeynep,Ozkan,Zeynep Ozkan,zeynep.ozkan.00183@example.gov.tr,1977-02-26,2008-06-25,Egitim ve Performans,Teknik Personel,Temizlik,1,SAHTE TEST VERISI - GERCEK PERSONEL VERISI DEGILDIR
TST00184,Mehmet,Demir,Mehmet Demir,mehmet.demir.00184@example.gov.tr,1997-10-06,2008-09-10,Idari Isler,Memur,Deneme Sureli Personel,1,SAHTE TEST VERISI - GERCEK PERSONEL VERISI DEGILDIR
TST00185,Ahmet,Aydin,Ahmet Aydin,ahmet.aydin.00185@example.gov.tr,1974-07-02,2023-07-03,Bilgi Teknolojileri,Teknik Personel,Guvenlik,1,SAHTE TEST VERISI - GERCEK PERSONEL VERISI DEGILDIR
TST00186,Mustafa,Kilic,Mustafa Kilic,mustafa.kilic.00186@example.gov.tr,1990-11-20,2010-05-29,Egitim ve Performans,Koordinator,Deneme Sureli Personel,1,SAHTE TEST VERISI - GERCEK PERSONEL VERISI DEGILDIR
TST00187,Ali,Kaya,Ali Kaya,ali.kaya.00187@example.gov.tr,1971-03-29,2008-11-28,Bilgi Teknolojileri,Grup Baskani,Diger,1,SAHTE TEST VERISI - GERCEK PERSONEL VERISI DEGILDIR
TST00188,Can,Celik,Can Celik,can.celik.00188@example.gov.tr,1976-09-28,2018-03-02,Bilgi Teknolojileri,Isci,Guvenlik,1,SAHTE TEST VERISI - GERCEK PERSONEL VERISI DEGILDIR
TST00189,Deniz,Dogan,Deniz Dogan,deniz.dogan.00189@example.gov.tr,1993-02-05,2015-02-28,Bilgi Teknolojileri,Uzman,Teknik Personel,1,SAHTE TEST VERISI - GERCEK PERSONEL VERISI DEGILDIR
TST00190,Ayse,Yilmaz,Ayse Yilmaz,ayse.yilmaz.00190@example.gov.tr,1984-02-08,2008-04-15,Kurumsal Iletisim,Teknik Personel,Temizlik,1,SAHTE TEST VERISI - GERCEK PERSONEL VERISI DEGILDIR
TST00191,Fatma,Sahin,Fatma Sahin,fatma.sahin.00191@example.gov.tr,1980-10-28,2024-03-27,Idari Isler,Memur,Diger,1,SAHTE TEST VERISI - GERCEK PERSONEL VERISI DEGILDIR
TST00192,Elif,Arslan,Elif Arslan,elif.arslan.00192@example.gov.tr,1972-02-18,2013-11-20,Kurumsal Iletisim,Memur,Guvenlik,1,SAHTE TEST VERISI - GERCEK PERSONEL VERISI DEGILDIR
TST00193,Zeynep,Ozkan,Zeynep Ozkan,zeynep.ozkan.00193@example.gov.tr,2002-11-17,2008-10-21,Kurumsal Iletisim,Memur,Idari Personel,1,SAHTE TEST VERISI - GERCEK PERSONEL VERISI DEGILDIR
TST00194,Mehmet,Demir,Mehmet Demir,mehmet.demir.00194@example.gov.tr,1973-02-03,2014-10-27,Egitim ve Performans,Uzman,Idari Personel,1,SAHTE TEST VERISI - GERCEK PERSONEL VERISI DEGILDIR
TST00195,Ahmet,Aydin,Ahmet Aydin,ahmet.aydin.00195@example.gov.tr,1988-12-16,2011-03-30,Bilgi Teknolojileri,Isci,Deneme Sureli Personel,1,SAHTE TEST VERISI - GERCEK PERSONEL VERISI DEGILDIR
TST00196,Mustafa,Kilic,Mustafa Kilic,mustafa.kilic.00196@example.gov.tr,1990-12-09,2026-11-28,Personel ve Destek Hizmetleri,Memur,Deneme Sureli Personel,1,SAHTE TEST VERISI - GERCEK PERSONEL VERISI DEGILDIR
TST00197,Ali,Kaya,Ali Kaya,ali.kaya.00197@example.gov.tr,1988-10-23,2016-04-20,Kurumsal Iletisim,Grup Baskani,Diger,1,SAHTE TEST VERISI - GERCEK PERSONEL VERISI DEGILDIR
TST00198,Can,Celik,Can Celik,can.celik.00198@example.gov.tr,1980-03-21,2017-01-13,Egitim ve Performans,Grup Baskani,Temizlik,1,SAHTE TEST VERISI - GERCEK PERSONEL VERISI DEGILDIR
TST00199,Deniz,Dogan,Deniz Dogan,deniz.dogan.00199@example.gov.tr,1998-08-16,2026-03-02,Bilgi Teknolojileri,Memur,Temizlik,1,SAHTE TEST VERISI - GERCEK PERSONEL VERISI DEGILDIR
TST00200,Ayse,Yilmaz,Ayse Yilmaz,ayse.yilmaz.00200@example.gov.tr,1989-04-22,2026-10-02,Kurumsal Iletisim,Grup Baskani,Diger,1,SAHTE TEST VERISI - GERCEK PERSONEL VERISI DEGILDIR
TST00201,Fatma,Sahin,Fatma Sahin,fatma.sahin.00201@example.gov.tr,1976-04-12,2019-10-13,Idari Isler,Memur,Deneme Sureli Personel,1,SAHTE TEST VERISI - GERCEK PERSONEL VERISI DEGILDIR
TST00202,Elif,Arslan,Elif Arslan,elif.arslan.00202@example.gov.tr,1974-11-01,2009-05-22,Personel ve Destek Hizmetleri,Uzman,Temizlik,1,SAHTE TEST VERISI - GERCEK PERSONEL VERISI DEGILDIR
TST00203,Zeynep,Ozkan,Zeynep Ozkan,zeynep.ozkan.00203@example.gov.tr,1991-04-26,2023-03-01,Personel ve Destek Hizmetleri,Grup Baskani,Guvenlik,1,SAHTE TEST VERISI - GERCEK PERSONEL VERISI DEGILDIR
TST00204,Mehmet,Demir,Mehmet Demir,mehmet.demir.00204@example.gov.tr,1993-03-05,2025-08-17,Kurumsal Iletisim,Memur,Guvenlik,1,SAHTE TEST VERISI - GERCEK PERSONEL VERISI DEGILDIR
TST00205,Ahmet,Aydin,Ahmet Aydin,ahmet.aydin.00205@example.gov.tr,1991-09-21,2021-04-08,Personel ve Destek Hizmetleri,Koordinator,Guvenlik,1,SAHTE TEST VERISI - GERCEK PERSONEL VERISI DEGILDIR
TST00206,Mustafa,Kilic,Mustafa Kilic,mustafa.kilic.00206@example.gov.tr,1983-02-09,2023-03-15,Idari Isler,Koordinator,Teknik Personel,1,SAHTE TEST VERISI - GERCEK PERSONEL VERISI DEGILDIR
TST00207,Ali,Kaya,Ali Kaya,ali.kaya.00207@example.gov.tr,1997-05-02,2018-01-18,Idari Isler,Grup Baskani,Teknik Personel,1,SAHTE TEST VERISI - GERCEK PERSONEL VERISI DEGILDIR
TST00208,Can,Celik,Can Celik,can.celik.00208@example.gov.tr,1974-06-14,2025-06-28,Personel ve Destek Hizmetleri,Koordinator,Temizlik,1,SAHTE TEST VERISI - GERCEK PERSONEL VERISI DEGILDIR
TST00209,Deniz,Dogan,Deniz Dogan,deniz.dogan.00209@example.gov.tr,1986-03-09,2022-08-19,Kurumsal Iletisim,Koordinator,Guvenlik,1,SAHTE TEST VERISI - GERCEK PERSONEL VERISI DEGILDIR
TST00210,Ayse,Yilmaz,Ayse Yilmaz,ayse.yilmaz.00210@example.gov.tr,1982-10-21,2019-06-26,Kurumsal Iletisim,Isci,Teknik Personel,1,SAHTE TEST VERISI - GERCEK PERSONEL VERISI DEGILDIR
TST00211,Fatma,Sahin,Fatma Sahin,fatma.sahin.00211@example.gov.tr,1989-08-08,2009-06-20,Egitim ve Performans,Teknik Personel,Diger,1,SAHTE TEST VERISI - GERCEK PERSONEL VERISI DEGILDIR
TST00212,Elif,Arslan,Elif Arslan,elif.arslan.00212@example.gov.tr,1975-02-09,2013-12-15,Kurumsal Iletisim,Koordinator,Diger,1,SAHTE TEST VERISI - GERCEK PERSONEL VERISI DEGILDIR
TST00213,Zeynep,Ozkan,Zeynep Ozkan,zeynep.ozkan.00213@example.gov.tr,1989-04-04,2023-10-09,Bilgi Teknolojileri,Grup Baskani,Temizlik,1,SAHTE TEST VERISI - GERCEK PERSONEL VERISI DEGILDIR
TST00214,Mehmet,Demir,Mehmet Demir,mehmet.demir.00214@example.gov.tr,1982-12-31,2021-04-11,Idari Isler,Isci,Idari Personel,1,SAHTE TEST VERISI - GERCEK PERSONEL VERISI DEGILDIR
TST00215,Ahmet,Aydin,Ahmet Aydin,ahmet.aydin.00215@example.gov.tr,1970-01-21,2013-07-10,Idari Isler,Uzman,Diger,1,SAHTE TEST VERISI - GERCEK PERSONEL VERISI DEGILDIR
TST00216,Mustafa,Kilic,Mustafa Kilic,mustafa.kilic.00216@example.gov.tr,1974-06-29,2008-12-23,Egitim ve Performans,Memur,Idari Personel,1,SAHTE TEST VERISI - GERCEK PERSONEL VERISI DEGILDIR
TST00217,Ali,Kaya,Ali Kaya,ali.kaya.00217@example.gov.tr,1984-05-17,2024-08-13,Personel ve Destek Hizmetleri,Memur,Deneme Sureli Personel,1,SAHTE TEST VERISI - GERCEK PERSONEL VERISI DEGILDIR
TST00218,Can,Celik,Can Celik,can.celik.00218@example.gov.tr,1987-12-20,2018-12-02,Personel ve Destek Hizmetleri,Koordinator,Teknik Personel,1,SAHTE TEST VERISI - GERCEK PERSONEL VERISI DEGILDIR
TST00219,Deniz,Dogan,Deniz Dogan,deniz.dogan.00219@example.gov.tr,1992-12-05,2018-10-17,Personel ve Destek Hizmetleri,Uzman,Deneme Sureli Personel,1,SAHTE TEST VERISI - GERCEK PERSONEL VERISI DEGILDIR
TST00220,Ayse,Yilmaz,Ayse Yilmaz,ayse.yilmaz.00220@example.gov.tr,1999-05-07,2009-01-07,Bilgi Teknolojileri,Grup Baskani,Deneme Sureli Personel,1,SAHTE TEST VERISI - GERCEK PERSONEL VERISI DEGILDIR
TST00221,Fatma,Sahin,Fatma Sahin,fatma.sahin.00221@example.gov.tr,1970-09-09,2008-03-30,Egitim ve Performans,Uzman,Guvenlik,1,SAHTE TEST VERISI - GERCEK PERSONEL VERISI DEGILDIR
TST00222,Elif,Arslan,Elif Arslan,elif.arslan.00222@example.gov.tr,1985-12-31,2016-02-09,Egitim ve Performans,Grup Baskani,Deneme Sureli Personel,1,SAHTE TEST VERISI - GERCEK PERSONEL VERISI DEGILDIR
TST00223,Zeynep,Ozkan,Zeynep Ozkan,zeynep.ozkan.00223@example.gov.tr,1970-09-20,2013-08-28,Bilgi Teknolojileri,Isci,Temizlik,1,SAHTE TEST VERISI - GERCEK PERSONEL VERISI DEGILDIR
TST00224,Mehmet,Demir,Mehmet Demir,mehmet.demir.00224@example.gov.tr,1985-08-13,2016-01-14,Bilgi Teknolojileri,Teknik Personel,Temizlik,1,SAHTE TEST VERISI - GERCEK PERSONEL VERISI DEGILDIR
TST00225,Ahmet,Aydin,Ahmet Aydin,ahmet.aydin.00225@example.gov.tr,1973-05-17,2026-07-18,Kurumsal Iletisim,Koordinator,Diger,1,SAHTE TEST VERISI - GERCEK PERSONEL VERISI DEGILDIR
TST00226,Mustafa,Kilic,Mustafa Kilic,mustafa.kilic.00226@example.gov.tr,1990-12-06,2025-05-19,Idari Isler,Memur,Temizlik,1,SAHTE TEST VERISI - GERCEK PERSONEL VERISI DEGILDIR
TST00227,Ali,Kaya,Ali Kaya,ali.kaya.00227@example.gov.tr,1985-03-10,2008-06-24,Bilgi Teknolojileri,Teknik Personel,Idari Personel,1,SAHTE TEST VERISI - GERCEK PERSONEL VERISI DEGILDIR
TST00228,Can,Celik,Can Celik,can.celik.00228@example.gov.tr,1975-05-10,2021-12-03,Bilgi Teknolojileri,Grup Baskani,Deneme Sureli Personel,1,SAHTE TEST VERISI - GERCEK PERSONEL VERISI DEGILDIR
TST00229,Deniz,Dogan,Deniz Dogan,deniz.dogan.00229@example.gov.tr,1979-04-26,2026-10-12,Kurumsal Iletisim,Isci,Idari Personel,1,SAHTE TEST VERISI - GERCEK PERSONEL VERISI DEGILDIR
TST00230,Ayse,Yilmaz,Ayse Yilmaz,ayse.yilmaz.00230@example.gov.tr,1991-10-26,2016-02-03,Bilgi Teknolojileri,Isci,Deneme Sureli Personel,1,SAHTE TEST VERISI - GERCEK PERSONEL VERISI DEGILDIR
TST00231,Fatma,Sahin,Fatma Sahin,fatma.sahin.00231@example.gov.tr,1981-09-07,2025-04-13,Idari Isler,Koordinator,Deneme Sureli Personel,1,SAHTE TEST VERISI - GERCEK PERSONEL VERISI DEGILDIR
TST00232,Elif,Arslan,Elif Arslan,elif.arslan.00232@example.gov.tr,1993-06-16,2013-07-22,Kurumsal Iletisim,Teknik Personel,Idari Personel,1,SAHTE TEST VERISI - GERCEK PERSONEL VERISI DEGILDIR
TST00233,Zeynep,Ozkan,Zeynep Ozkan,zeynep.ozkan.00233@example.gov.tr,1974-03-30,2021-02-06,Idari Isler,Isci,Idari Personel,1,SAHTE TEST VERISI - GERCEK PERSONEL VERISI DEGILDIR
TST00234,Mehmet,Demir,Mehmet Demir,mehmet.demir.00234@example.gov.tr,1977-12-29,2018-07-21,Egitim ve Performans,Koordinator,Teknik Personel,1,SAHTE TEST VERISI - GERCEK PERSONEL VERISI DEGILDIR
TST00235,Ahmet,Aydin,Ahmet Aydin,ahmet.aydin.00235@example.gov.tr,1983-06-06,2011-10-29,Egitim ve Performans,Memur,Temizlik,1,SAHTE TEST VERISI - GERCEK PERSONEL VERISI DEGILDIR
TST00236,Mustafa,Kilic,Mustafa Kilic,mustafa.kilic.00236@example.gov.tr,1984-05-21,2020-02-07,Personel ve Destek Hizmetleri,Memur,Temizlik,1,SAHTE TEST VERISI - GERCEK PERSONEL VERISI DEGILDIR
TST00237,Ali,Kaya,Ali Kaya,ali.kaya.00237@example.gov.tr,1978-09-29,2018-08-09,Kurumsal Iletisim,Grup Baskani,Diger,1,SAHTE TEST VERISI - GERCEK PERSONEL VERISI DEGILDIR
TST00238,Can,Celik,Can Celik,can.celik.00238@example.gov.tr,1973-04-11,2008-03-23,Bilgi Teknolojileri,Uzman,Deneme Sureli Personel,1,SAHTE TEST VERISI - GERCEK PERSONEL VERISI DEGILDIR
TST00239,Deniz,Dogan,Deniz Dogan,deniz.dogan.00239@example.gov.tr,1993-05-28,2026-03-16,Kurumsal Iletisim,Koordinator,Diger,1,SAHTE TEST VERISI - GERCEK PERSONEL VERISI DEGILDIR
TST00240,Ayse,Yilmaz,Ayse Yilmaz,ayse.yilmaz.00240@example.gov.tr,1972-02-04,2024-05-15,Egitim ve Performans,Memur,Idari Personel,1,SAHTE TEST VERISI - GERCEK PERSONEL VERISI DEGILDIR
TST00241,Fatma,Sahin,Fatma Sahin,fatma.sahin.00241@example.gov.tr,1980-11-27,2011-09-24,Egitim ve Performans,Teknik Personel,Diger,1,SAHTE TEST VERISI - GERCEK PERSONEL VERISI DEGILDIR
TST00242,Elif,Arslan,Elif Arslan,elif.arslan.00242@example.gov.tr,1976-02-21,2021-02-15,Egitim ve Performans,Uzman,Deneme Sureli Personel,1,SAHTE TEST VERISI - GERCEK PERSONEL VERISI DEGILDIR
TST00243,Zeynep,Ozkan,Zeynep Ozkan,zeynep.ozkan.00243@example.gov.tr,1995-03-20,2026-03-24,Bilgi Teknolojileri,Grup Baskani,Temizlik,1,SAHTE TEST VERISI - GERCEK PERSONEL VERISI DEGILDIR
TST00244,Mehmet,Demir,Mehmet Demir,mehmet.demir.00244@example.gov.tr,1980-01-12,2026-11-25,Kurumsal Iletisim,Teknik Personel,Deneme Sureli Personel,1,SAHTE TEST VERISI - GERCEK PERSONEL VERISI DEGILDIR
TST00245,Ahmet,Aydin,Ahmet Aydin,ahmet.aydin.00245@example.gov.tr,1987-01-15,2019-09-07,Bilgi Teknolojileri,Uzman,Diger,1,SAHTE TEST VERISI - GERCEK PERSONEL VERISI DEGILDIR
TST00246,Mustafa,Kilic,Mustafa Kilic,mustafa.kilic.00246@example.gov.tr,1997-01-26,2025-03-11,Egitim ve Performans,Isci,Temizlik,1,SAHTE TEST VERISI - GERCEK PERSONEL VERISI DEGILDIR
TST00247,Ali,Kaya,Ali Kaya,ali.kaya.00247@example.gov.tr,1985-02-18,2015-07-25,Personel ve Destek Hizmetleri,Uzman,Diger,1,SAHTE TEST VERISI - GERCEK PERSONEL VERISI DEGILDIR
TST00248,Can,Celik,Can Celik,can.celik.00248@example.gov.tr,1977-03-31,2015-01-24,Personel ve Destek Hizmetleri,Teknik Personel,Diger,1,SAHTE TEST VERISI - GERCEK PERSONEL VERISI DEGILDIR
TST00249,Deniz,Dogan,Deniz Dogan,deniz.dogan.00249@example.gov.tr,1983-09-01,2014-03-30,Idari Isler,Uzman,Guvenlik,1,SAHTE TEST VERISI - GERCEK PERSONEL VERISI DEGILDIR
TST00250,Ayse,Yilmaz,Ayse Yilmaz,ayse.yilmaz.00250@example.gov.tr,1972-09-24,2013-04-10,Idari Isler,Uzman,Teknik Personel,1,SAHTE TEST VERISI - GERCEK PERSONEL VERISI DEGILDIR
TST00251,Fatma,Sahin,Fatma Sahin,fatma.sahin.00251@example.gov.tr,1998-08-19,2013-08-25,Personel ve Destek Hizmetleri,Koordinator,Temizlik,1,SAHTE TEST VERISI - GERCEK PERSONEL VERISI DEGILDIR
TST00252,Elif,Arslan,Elif Arslan,elif.arslan.00252@example.gov.tr,1971-03-13,2024-09-07,Kurumsal Iletisim,Isci,Deneme Sureli Personel,1,SAHTE TEST VERISI - GERCEK PERSONEL VERISI DEGILDIR
TST00253,Zeynep,Ozkan,Zeynep Ozkan,zeynep.ozkan.00253@example.gov.tr,1986-06-28,2015-08-19,Bilgi Teknolojileri,Uzman,Teknik Personel,1,SAHTE TEST VERISI - GERCEK PERSONEL VERISI DEGILDIR
TST00254,Mehmet,Demir,Mehmet Demir,mehmet.demir.00254@example.gov.tr,1989-11-25,2009-07-09,Idari Isler,Teknik Personel,Idari Personel,1,SAHTE TEST VERISI - GERCEK PERSONEL VERISI DEGILDIR
TST00255,Ahmet,Aydin,Ahmet Aydin,ahmet.aydin.00255@example.gov.tr,1972-01-29,2026-02-19,Egitim ve Performans,Isci,Temizlik,1,SAHTE TEST VERISI - GERCEK PERSONEL VERISI DEGILDIR
TST00256,Mustafa,Kilic,Mustafa Kilic,mustafa.kilic.00256@example.gov.tr,1996-01-24,2011-06-30,Idari Isler,Memur,Temizlik,1,SAHTE TEST VERISI - GERCEK PERSONEL VERISI DEGILDIR
TST00257,Ali,Kaya,Ali Kaya,ali.kaya.00257@example.gov.tr,1984-11-11,2010-06-01,Egitim ve Performans,Memur,Diger,1,SAHTE TEST VERISI - GERCEK PERSONEL VERISI DEGILDIR
TST00258,Can,Celik,Can Celik,can.celik.00258@example.gov.tr,1976-04-18,2017-04-08,Kurumsal Iletisim,Memur,Guvenlik,1,SAHTE TEST VERISI - GERCEK PERSONEL VERISI DEGILDIR
TST00259,Deniz,Dogan,Deniz Dogan,deniz.dogan.00259@example.gov.tr,1971-07-13,2011-03-13,Idari Isler,Uzman,Deneme Sureli Personel,1,SAHTE TEST VERISI - GERCEK PERSONEL VERISI DEGILDIR
TST00260,Ayse,Yilmaz,Ayse Yilmaz,ayse.yilmaz.00260@example.gov.tr,1997-10-20,2025-11-23,Egitim ve Performans,Isci,Diger,1,SAHTE TEST VERISI - GERCEK PERSONEL VERISI DEGILDIR
TST00261,Fatma,Sahin,Fatma Sahin,fatma.sahin.00261@example.gov.tr,1991-06-03,2019-10-18,Personel ve Destek Hizmetleri,Koordinator,Teknik Personel,1,SAHTE TEST VERISI - GERCEK PERSONEL VERISI DEGILDIR
TST00262,Elif,Arslan,Elif Arslan,elif.arslan.00262@example.gov.tr,1979-03-31,2026-11-03,Bilgi Teknolojileri,Memur,Deneme Sureli Personel,1,SAHTE TEST VERISI - GERCEK PERSONEL VERISI DEGILDIR
TST00263,Zeynep,Ozkan,Zeynep Ozkan,zeynep.ozkan.00263@example.gov.tr,1975-08-14,2017-01-14,Idari Isler,Teknik Personel,Teknik Personel,1,SAHTE TEST VERISI - GERCEK PERSONEL VERISI DEGILDIR
TST00264,Mehmet,Demir,Mehmet Demir,mehmet.demir.00264@example.gov.tr,1991-05-22,2024-03-11,Egitim ve Performans,Koordinator,Temizlik,1,SAHTE TEST VERISI - GERCEK PERSONEL VERISI DEGILDIR
TST00265,Ahmet,Aydin,Ahmet Aydin,ahmet.aydin.00265@example.gov.tr,1975-11-05,2020-11-10,Egitim ve Performans,Isci,Idari Personel,1,SAHTE TEST VERISI - GERCEK PERSONEL VERISI DEGILDIR
TST00266,Mustafa,Kilic,Mustafa Kilic,mustafa.kilic.00266@example.gov.tr,1979-09-27,2017-06-07,Idari Isler,Koordinator,Temizlik,1,SAHTE TEST VERISI - GERCEK PERSONEL VERISI DEGILDIR
TST00267,Ali,Kaya,Ali Kaya,ali.kaya.00267@example.gov.tr,2000-02-01,2014-06-08,Egitim ve Performans,Koordinator,Teknik Personel,1,SAHTE TEST VERISI - GERCEK PERSONEL VERISI DEGILDIR
TST00268,Can,Celik,Can Celik,can.celik.00268@example.gov.tr,1999-07-30,2015-10-03,Bilgi Teknolojileri,Memur,Idari Personel,1,SAHTE TEST VERISI - GERCEK PERSONEL VERISI DEGILDIR
TST00269,Deniz,Dogan,Deniz Dogan,deniz.dogan.00269@example.gov.tr,1975-04-19,2025-01-20,Personel ve Destek Hizmetleri,Grup Baskani,Diger,1,SAHTE TEST VERISI - GERCEK PERSONEL VERISI DEGILDIR
TST00270,Ayse,Yilmaz,Ayse Yilmaz,ayse.yilmaz.00270@example.gov.tr,1994-11-26,2008-06-19,Personel ve Destek Hizmetleri,Isci,Teknik Personel,1,SAHTE TEST VERISI - GERCEK PERSONEL VERISI DEGILDIR
TST00271,Fatma,Sahin,Fatma Sahin,fatma.sahin.00271@example.gov.tr,1985-10-14,2008-12-10,Bilgi Teknolojileri,Teknik Personel,Guvenlik,1,SAHTE TEST VERISI - GERCEK PERSONEL VERISI DEGILDIR
TST00272,Elif,Arslan,Elif Arslan,elif.arslan.00272@example.gov.tr,1995-11-22,2015-06-26,Personel ve Destek Hizmetleri,Memur,Diger,1,SAHTE TEST VERISI - GERCEK PERSONEL VERISI DEGILDIR
TST00273,Zeynep,Ozkan,Zeynep Ozkan,zeynep.ozkan.00273@example.gov.tr,1990-06-06,2010-02-06,Personel ve Destek Hizmetleri,Uzman,Temizlik,1,SAHTE TEST VERISI - GERCEK PERSONEL VERISI DEGILDIR
TST00274,Mehmet,Demir,Mehmet Demir,mehmet.demir.00274@example.gov.tr,2001-11-23,2021-02-02,Kurumsal Iletisim,Koordinator,Guvenlik,1,SAHTE TEST VERISI - GERCEK PERSONEL VERISI DEGILDIR
TST00275,Ahmet,Aydin,Ahmet Aydin,ahmet.aydin.00275@example.gov.tr,1980-03-13,2011-02-10,Egitim ve Performans,Isci,Diger,1,SAHTE TEST VERISI - GERCEK PERSONEL VERISI DEGILDIR
TST00276,Mustafa,Kilic,Mustafa Kilic,mustafa.kilic.00276@example.gov.tr,2001-07-12,2014-06-08,Egitim ve Performans,Teknik Personel,Guvenlik,1,SAHTE TEST VERISI - GERCEK PERSONEL VERISI DEGILDIR
TST00277,Ali,Kaya,Ali Kaya,ali.kaya.00277@example.gov.tr,1995-03-04,2019-01-16,Idari Isler,Uzman,Deneme Sureli Personel,1,SAHTE TEST VERISI - GERCEK PERSONEL VERISI DEGILDIR
TST00278,Can,Celik,Can Celik,can.celik.00278@example.gov.tr,2001-10-12,2020-12-02,Kurumsal Iletisim,Grup Baskani,Teknik Personel,1,SAHTE TEST VERISI - GERCEK PERSONEL VERISI DEGILDIR
TST00279,Deniz,Dogan,Deniz Dogan,deniz.dogan.00279@example.gov.tr,1977-06-14,2025-10-23,Bilgi Teknolojileri,Teknik Personel,Temizlik,1,SAHTE TEST VERISI - GERCEK PERSONEL VERISI DEGILDIR
TST00280,Ayse,Yilmaz,Ayse Yilmaz,ayse.yilmaz.00280@example.gov.tr,1992-07-16,2025-04-20,Bilgi Teknolojileri,Uzman,Guvenlik,1,SAHTE TEST VERISI - GERCEK PERSONEL VERISI DEGILDIR
TST00281,Fatma,Sahin,Fatma Sahin,fatma.sahin.00281@example.gov.tr,1972-10-03,2022-04-16,Kurumsal Iletisim,Isci,Teknik Personel,1,SAHTE TEST VERISI - GERCEK PERSONEL VERISI DEGILDIR
TST00282,Elif,Arslan,Elif Arslan,elif.arslan.00282@example.gov.tr,2001-10-18,2020-10-03,Personel ve Destek Hizmetleri,Teknik Personel,Deneme Sureli Personel,1,SAHTE TEST VERISI - GERCEK PERSONEL VERISI DEGILDIR
TST00283,Zeynep,Ozkan,Zeynep Ozkan,zeynep.ozkan.00283@example.gov.tr,1998-01-04,2013-07-21,Bilgi Teknolojileri,Memur,Temizlik,1,SAHTE TEST VERISI - GERCEK PERSONEL VERISI DEGILDIR
TST00284,Mehmet,Demir,Mehmet Demir,mehmet.demir.00284@example.gov.tr,1975-06-24,2008-10-25,Bilgi Teknolojileri,Memur,Diger,1,SAHTE TEST VERISI - GERCEK PERSONEL VERISI DEGILDIR
TST00285,Ahmet,Aydin,Ahmet Aydin,ahmet.aydin.00285@example.gov.tr,1991-07-27,2009-02-22,Egitim ve Performans,Grup Baskani,Deneme Sureli Personel,1,SAHTE TEST VERISI - GERCEK PERSONEL VERISI DEGILDIR
TST00286,Mustafa,Kilic,Mustafa Kilic,mustafa.kilic.00286@example.gov.tr,1975-04-20,2017-09-24,Idari Isler,Isci,Guvenlik,1,SAHTE TEST VERISI - GERCEK PERSONEL VERISI DEGILDIR
TST00287,Ali,Kaya,Ali Kaya,ali.kaya.00287@example.gov.tr,1972-06-10,2014-02-03,Personel ve Destek Hizmetleri,Memur,Teknik Personel,1,SAHTE TEST VERISI - GERCEK PERSONEL VERISI DEGILDIR
TST00288,Can,Celik,Can Celik,can.celik.00288@example.gov.tr,1998-10-06,2017-08-20,Kurumsal Iletisim,Isci,Teknik Personel,1,SAHTE TEST VERISI - GERCEK PERSONEL VERISI DEGILDIR
TST00289,Deniz,Dogan,Deniz Dogan,deniz.dogan.00289@example.gov.tr,1972-07-11,2016-04-25,Bilgi Teknolojileri,Koordinator,Deneme Sureli Personel,1,SAHTE TEST VERISI - GERCEK PERSONEL VERISI DEGILDIR
TST00290,Ayse,Yilmaz,Ayse Yilmaz,ayse.yilmaz.00290@example.gov.tr,1994-12-28,2013-08-22,Kurumsal Iletisim,Uzman,Guvenlik,1,SAHTE TEST VERISI - GERCEK PERSONEL VERISI DEGILDIR
TST00291,Fatma,Sahin,Fatma Sahin,fatma.sahin.00291@example.gov.tr,1970-02-06,2023-09-22,Idari Isler,Isci,Guvenlik,1,SAHTE TEST VERISI - GERCEK PERSONEL VERISI DEGILDIR
TST00292,Elif,Arslan,Elif Arslan,elif.arslan.00292@example.gov.tr,1970-03-06,2014-06-22,Kurumsal Iletisim,Grup Baskani,Teknik Personel,1,SAHTE TEST VERISI - GERCEK PERSONEL VERISI DEGILDIR
TST00293,Zeynep,Ozkan,Zeynep Ozkan,zeynep.ozkan.00293@example.gov.tr,2002-03-17,2018-06-24,Kurumsal Iletisim,Teknik Personel,Guvenlik,1,SAHTE TEST VERISI - GERCEK PERSONEL VERISI DEGILDIR
TST00294,Mehmet,Demir,Mehmet Demir,mehmet.demir.00294@example.gov.tr,1991-12-03,2026-01-22,Egitim ve Performans,Grup Baskani,Teknik Personel,1,SAHTE TEST VERISI - GERCEK PERSONEL VERISI DEGILDIR
TST00295,Ahmet,Aydin,Ahmet Aydin,ahmet.aydin.00295@example.gov.tr,1980-06-04,2026-11-15,Personel ve Destek Hizmetleri,Grup Baskani,Diger,1,SAHTE TEST VERISI - GERCEK PERSONEL VERISI DEGILDIR
TST00296,Mustafa,Kilic,Mustafa Kilic,mustafa.kilic.00296@example.gov.tr,1984-04-20,2012-02-19,Personel ve Destek Hizmetleri,Grup Baskani,Deneme Sureli Personel,1,SAHTE TEST VERISI - GERCEK PERSONEL VERISI DEGILDIR
TST00297,Ali,Kaya,Ali Kaya,ali.kaya.00297@example.gov.tr,1985-05-02,2019-07-08,Bilgi Teknolojileri,Isci,Temizlik,1,SAHTE TEST VERISI - GERCEK PERSONEL VERISI DEGILDIR
TST00298,Can,Celik,Can Celik,can.celik.00298@example.gov.tr,1995-12-22,2026-12-13,Kurumsal Iletisim,Memur,Temizlik,1,SAHTE TEST VERISI - GERCEK PERSONEL VERISI DEGILDIR
TST00299,Deniz,Dogan,Deniz Dogan,deniz.dogan.00299@example.gov.tr,1973-09-28,2023-08-20,Idari Isler,Uzman,Guvenlik,1,SAHTE TEST VERISI - GERCEK PERSONEL VERISI DEGILDIR
TST00300,Ayse,Yilmaz,Ayse Yilmaz,ayse.yilmaz.00300@example.gov.tr,1984-03-20,2020-04-07,Personel ve Destek Hizmetleri,Memur,Diger,1,SAHTE TEST VERISI - GERCEK PERSONEL VERISI DEGILDIR
TST00301,Fatma,Sahin,Fatma Sahin,fatma.sahin.00301@example.gov.tr,1970-08-02,2025-04-03,Personel ve Destek Hizmetleri,Teknik Personel,Deneme Sureli Personel,1,SAHTE TEST VERISI - GERCEK PERSONEL VERISI DEGILDIR
TST00302,Elif,Arslan,Elif Arslan,elif.arslan.00302@example.gov.tr,1985-06-03,2017-09-23,Bilgi Teknolojileri,Uzman,Idari Personel,1,SAHTE TEST VERISI - GERCEK PERSONEL VERISI DEGILDIR
TST00303,Zeynep,Ozkan,Zeynep Ozkan,zeynep.ozkan.00303@example.gov.tr,1999-05-21,2015-10-31,Bilgi Teknolojileri,Uzman,Temizlik,1,SAHTE TEST VERISI - GERCEK PERSONEL VERISI DEGILDIR
TST00304,Mehmet,Demir,Mehmet Demir,mehmet.demir.00304@example.gov.tr,1970-03-26,2008-08-18,Personel ve Destek Hizmetleri,Koordinator,Guvenlik,1,SAHTE TEST VERISI - GERCEK PERSONEL VERISI DEGILDIR
TST00305,Ahmet,Aydin,Ahmet Aydin,ahmet.aydin.00305@example.gov.tr,1997-08-22,2024-09-14,Idari Isler,Grup Baskani,Temizlik,1,SAHTE TEST VERISI - GERCEK PERSONEL VERISI DEGILDIR
TST00306,Mustafa,Kilic,Mustafa Kilic,mustafa.kilic.00306@example.gov.tr,1990-06-16,2018-12-09,Bilgi Teknolojileri,Teknik Personel,Guvenlik,1,SAHTE TEST VERISI - GERCEK PERSONEL VERISI DEGILDIR
TST00307,Ali,Kaya,Ali Kaya,ali.kaya.00307@example.gov.tr,1985-04-23,2009-07-22,Idari Isler,Koordinator,Teknik Personel,1,SAHTE TEST VERISI - GERCEK PERSONEL VERISI DEGILDIR
TST00308,Can,Celik,Can Celik,can.celik.00308@example.gov.tr,1983-10-17,2019-10-14,Egitim ve Performans,Uzman,Deneme Sureli Personel,1,SAHTE TEST VERISI - GERCEK PERSONEL VERISI DEGILDIR
TST00309,Deniz,Dogan,Deniz Dogan,deniz.dogan.00309@example.gov.tr,1994-12-04,2025-05-02,Idari Isler,Koordinator,Idari Personel,1,SAHTE TEST VERISI - GERCEK PERSONEL VERISI DEGILDIR
TST00310,Ayse,Yilmaz,Ayse Yilmaz,ayse.yilmaz.00310@example.gov.tr,1983-04-29,2024-03-27,Personel ve Destek Hizmetleri,Grup Baskani,Diger,1,SAHTE TEST VERISI - GERCEK PERSONEL VERISI DEGILDIR
TST00311,Fatma,Sahin,Fatma Sahin,fatma.sahin.00311@example.gov.tr,1988-02-28,2023-06-16,Idari Isler,Memur,Idari Personel,1,SAHTE TEST VERISI - GERCEK PERSONEL VERISI DEGILDIR
TST00312,Elif,Arslan,Elif Arslan,elif.arslan.00312@example.gov.tr,1989-02-07,2023-02-04,Personel ve Destek Hizmetleri,Koordinator,Temizlik,1,SAHTE TEST VERISI - GERCEK PERSONEL VERISI DEGILDIR
TST00313,Zeynep,Ozkan,Zeynep Ozkan,zeynep.ozkan.00313@example.gov.tr,1981-01-28,2019-04-23,Bilgi Teknolojileri,Memur,Teknik Personel,1,SAHTE TEST VERISI - GERCEK PERSONEL VERISI DEGILDIR
TST00314,Mehmet,Demir,Mehmet Demir,mehmet.demir.00314@example.gov.tr,1988-12-23,2009-06-19,Bilgi Teknolojileri,Isci,Diger,1,SAHTE TEST VERISI - GERCEK PERSONEL VERISI DEGILDIR
TST00315,Ahmet,Aydin,Ahmet Aydin,ahmet.aydin.00315@example.gov.tr,1977-07-17,2008-11-06,Bilgi Teknolojileri,Memur,Temizlik,1,SAHTE TEST VERISI - GERCEK PERSONEL VERISI DEGILDIR
TST00316,Mustafa,Kilic,Mustafa Kilic,mustafa.kilic.00316@example.gov.tr,1975-05-06,2017-01-17,Egitim ve Performans,Koordinator,Diger,1,SAHTE TEST VERISI - GERCEK PERSONEL VERISI DEGILDIR
TST00317,Ali,Kaya,Ali Kaya,ali.kaya.00317@example.gov.tr,1985-09-03,2012-12-06,Personel ve Destek Hizmetleri,Koordinator,Deneme Sureli Personel,1,SAHTE TEST VERISI - GERCEK PERSONEL VERISI DEGILDIR
TST00318,Can,Celik,Can Celik,can.celik.00318@example.gov.tr,1990-10-24,2010-07-30,Egitim ve Performans,Koordinator,Deneme Sureli Personel,1,SAHTE TEST VERISI - GERCEK PERSONEL VERISI DEGILDIR
TST00319,Deniz,Dogan,Deniz Dogan,deniz.dogan.00319@example.gov.tr,1991-05-01,2016-04-04,Idari Isler,Koordinator,Guvenlik,1,SAHTE TEST VERISI - GERCEK PERSONEL VERISI DEGILDIR
TST00320,Ayse,Yilmaz,Ayse Yilmaz,ayse.yilmaz.00320@example.gov.tr,2001-03-30,2016-07-04,Bilgi Teknolojileri,Isci,Idari Personel,1,SAHTE TEST VERISI - GERCEK PERSONEL VERISI DEGILDIR
TST00321,Fatma,Sahin,Fatma Sahin,fatma.sahin.00321@example.gov.tr,1985-03-20,2008-04-04,Personel ve Destek Hizmetleri,Grup Baskani,Idari Personel,1,SAHTE TEST VERISI - GERCEK PERSONEL VERISI DEGILDIR
TST00322,Elif,Arslan,Elif Arslan,elif.arslan.00322@example.gov.tr,1981-12-24,2024-07-20,Egitim ve Performans,Teknik Personel,Idari Personel,1,SAHTE TEST VERISI - GERCEK PERSONEL VERISI DEGILDIR
